CODIGO,DISTRITO,DEPARTAMENTO,MUNICIPIO,ESTABLECIMIENTO,DIRECCION,TELEFONO,SUPERVISOR,DIRECTOR,NIVEL,SECTOR,AREA,STATUS,MODALIDAD,JORNADA,PLAN,DEPARTAMENTAL
18-01-0041-46,18-006,IZABAL,PUERTO BARRIOS,ESCUELA NACIONAL MIXTA DE CIENCIAS COMERCIALES DOMINGO JUARROS,14 CALLE Y 11 AVENIDA,79480444,CYNTHIA AZUCELLY BARRIENTOS LOPEZ,EDWIN NATALIO MARMOL LOAIZA,DIVERSIFICADO,OFICIAL,URBANA,ABIERTA,MONOLINGUE,MATUTINA,DIARIO(REGULAR),IZABAL
18-01-0042-46,18-008,IZABAL,PUERTO BARRIOS,"ESCUELA PARTICULAR MIXTA ""JUSTO RUFINO BARRIOS""",8A AVENIDA ENTRE 17 Y 18 CALLES,79487032,ELENA ELIZABETH SUCHITE GARNICA,MARIO RENÉ JUÁREZ SALGUERO,DIVERSIFICADO,PRIVADO,URBANA,ABIERTA,MONOLINGUE,VESPERTINA,DIARIO(REGULAR),IZABAL
18-01-0043-46,18-008,IZABAL,PUERTO BARRIOS,COLEGIO DE CIENCIAS DE LA COMPUTACION,8A. AVENIDA Y 10A. CALLE,79480009,ELENA ELIZABETH SUCHITE GARNICA,--,DIVERSIFICADO,PRIVADO,URBANA,CERRADA TEMPORALMENTE,MONOLINGUE,VESPERTINA,DIARIO(REGULAR),IZABAL
18-01-0045-46,18-008,IZABAL,PUERTO BARRIOS,COLEGIO PARTICULAR MIXTO CRISTO REY,10A CALLE ENTRE 8A Y 9A AVENIDAS,79488225,ELENA ELIZABETH SUCHITE GARNICA,DOMISIANA FAUSTA SANCHEZ VILLALTA,DIVERSIFICADO,PRIVADO,URBANA,ABIERTA,MONOLINGUE,VESPERTINA,DIARIO(REGULAR),IZABAL
18-01-0073-46,18-008,IZABAL,PUERTO BARRIOS,COLEGIO TECNICO PRIVADO MIXTO LA PATRIA,"FRENTE A LA BOMBA DE AGUA, ALDEA ENTRE RIOS",79475263,ELENA ELIZABETH SUCHITE GARNICA,LUIS ALBERTO CARCAMO PEÑA,DIVERSIFICADO,PRIVADO,RURAL,ABIERTA,MONOLINGUE,DOBLE,FIN DE SEMANA,IZABAL
18-01-0115-46,18-005,IZABAL,PUERTO BARRIOS,"COLEGIO MIXTO EXPERIMENTAL ""EDUCARE""",7A. CALLE 9A. AVENIDA,,MONICA LISETH DUARTE MEJIA,YOLANDA RIVAS MONROY,DIVERSIFICADO,PRIVADO,URBANA,CERRADA TEMPORALMENTE,MONOLINGUE,MATUTINA,FIN DE SEMANA,IZABAL
18-01-0145-46,18-008,IZABAL,PUERTO BARRIOS,"COLEGIO CRISTIANO PRIVADO MIXTO ""CRISTO VIENE""",ALDEA ENTRE RIOS,40620273,ELENA ELIZABETH SUCHITE GARNICA,GRICELSA MAGALY LEMUS CALDERON,DIVERSIFICADO,PRIVADO,RURAL,ABIERTA,MONOLINGUE,VESPERTINA,DIARIO(REGULAR),IZABAL
18-01-0153-46,18-008,IZABAL,PUERTO BARRIOS,"INSTITUTO PRIVADO MIXTO DE EDUCACION BASICA Y BACHILLERATO POR MADUREZ ""EL PORVENIR""",15 CALLE ENTRE 7A. Y 8A. AVENIDA,58055529,ELENA ELIZABETH SUCHITE GARNICA,CARLOS ARTURO PALENCIA RIVAS,DIVERSIFICADO,PRIVADO,URBANA,ABIERTA,MONOLINGUE,DOBLE,FIN DE SEMANA,IZABAL
18-01-0156-46,18-008,IZABAL,PUERTO BARRIOS,ESCUELA PARTICULAR MIXTA JUSTO RUFINO BARRIOS,8A. AVENIDA Y 17 CALLE,79487032,ELENA ELIZABETH SUCHITE GARNICA,ROSA VICTORIA LEONARDO WELCHES,DIVERSIFICADO,PRIVADO,URBANA,ABIERTA,MONOLINGUE,DOBLE,FIN DE SEMANA,IZABAL
18-01-0158-46,18-008,IZABAL,PUERTO BARRIOS,"COLEGIO PARTICULAR MIXTO ""PIEDRAS NEGRAS""","COLONIA PIEDRAS NEGRAS, SANTO TOMAS DE CASTILLA",79453597,ELENA ELIZABETH SUCHITE GARNICA,LASTENIA CARIAS SAMAYOA,DIVERSIFICADO,PRIVADO,RURAL,ABIERTA,MONOLINGUE,VESPERTINA,DIARIO(REGULAR),IZABAL
18-01-0162-46,18-008,IZABAL,PUERTO BARRIOS,"COLEGIO PARTICULAR MIXTO ""PIEDRAS NEGRAS""","COLONIA PIEDRAS NEGRAS, SANTO TOMÁS DE CASTILLA",79484391-41051885,ELENA ELIZABETH SUCHITE GARNICA,LASTENIA CARIAS SAMAYOA,DIVERSIFICADO,PRIVADO,RURAL,ABIERTA,MONOLINGUE,DOBLE,FIN DE SEMANA,IZABAL
18-01-0164-46,18-008,IZABAL,PUERTO BARRIOS,LICEO TECNICO GUATEMALTECO IDETI,ALDEA PLACA NO. 1,57843058,ELENA ELIZABETH SUCHITE GARNICA,DAISY LORENA AGUIRRE VENTURA DE MEJIA,DIVERSIFICADO,PRIVADO,RURAL,ABIERTA,MONOLINGUE,VESPERTINA,DIARIO(REGULAR),IZABAL
18-01-0167-46,18-005,IZABAL,PUERTO BARRIOS,"COLEGIO CRISTIANO ""MARANATHA""",7A. AVENIDA ENTRE 16A. Y 17A. CALLES,79429163,MONICA LISETH DUARTE MEJIA,MARIA OSORIO DE QUINTO,DIVERSIFICADO,PRIVADO,URBANA,CERRADA TEMPORALMENTE,MONOLINGUE,DOBLE,FIN DE SEMANA,IZABAL
18-01-0168-46,18-008,IZABAL,PUERTO BARRIOS,"COLEGIO CRISTIANO ""MARANATHA""",7A. AVENIDA ENTRE 16A. Y 17A. CALLES,79429136,ELENA ELIZABETH SUCHITE GARNICA,MARIA OSORIO DE QUINTO,DIVERSIFICADO,PRIVADO,URBANA,ABIERTA,MONOLINGUE,VESPERTINA,DIARIO(REGULAR),IZABAL
18-01-0173-46,18-006,IZABAL,PUERTO BARRIOS,INSTITUTO NACIONAL DE EDUCACION DIVERSIFICADA,COLONIA SAN MANUEL,41237549,CYNTHIA AZUCELLY BARRIENTOS LOPEZ,ELIA ERSELI FRANCO CALDERON,DIVERSIFICADO,OFICIAL,RURAL,ABIERTA,MONOLINGUE,MATUTINA,DIARIO(REGULAR),IZABAL
18-01-0174-46,18-006,IZABAL,PUERTO BARRIOS,INSTITUTO NACIONAL DE EDUCACION DIVERSIFICADA,COLONIA MARIA LUISA I,59672495,CYNTHIA AZUCELLY BARRIENTOS LOPEZ,ROSA ORFILIA ESQUIVEL AVILA DE GUZMAN,DIVERSIFICADO,OFICIAL,RURAL,ABIERTA,MONOLINGUE,VESPERTINA,DIARIO(REGULAR),IZABAL
18-01-0178-46,18-006,IZABAL,PUERTO BARRIOS,INSTITUTO NACIONAL DE EDUCACION DIVERSIFICADA,ALDEA SAN MIGUELITO,58664500,CYNTHIA AZUCELLY BARRIENTOS LOPEZ,JOSE SACRAMENTO DE PAZ AVILA,DIVERSIFICADO,OFICIAL,RURAL,ABIERTA,MONOLINGUE,VESPERTINA,DIARIO(REGULAR),IZABAL
18-01-0182-46,18-008,IZABAL,PUERTO BARRIOS,"INSTITUTO PARTICULAR MIXTO ""DESARROLLO Y CIENCIA""",14 CALLE ENTRE 11 AVENIDA,79486407,ELENA ELIZABETH SUCHITE GARNICA,EDGAR ROMEO MARTINEZ CACERES,DIVERSIFICADO,PRIVADO,URBANA,ABIERTA,MONOLINGUE,DOBLE,FIN DE SEMANA,IZABAL
18-01-0185-46,18-008,IZABAL,PUERTO BARRIOS,"INSTITUTO PARTICULAR MIXTO ""DESARROLLO Y CIENCIA""",14 CALLE ENTRE 11 AVENIDA,79429434,ELENA ELIZABETH SUCHITE GARNICA,EDGAR ROMEO MARTINEZ CACERES,DIVERSIFICADO,PRIVADO,URBANA,ABIERTA,MONOLINGUE,DOBLE,FIN DE SEMANA,IZABAL
18-01-0200-46,18-008,IZABAL,PUERTO BARRIOS,"INSTITUTO PREUNIVERSITARIO DE IZABAL ""PREU""",COLONIA SAN CRISTOBAL ENTRE RIOS,49026498,ELENA ELIZABETH SUCHITE GARNICA,FREDY ANTONIO FLORES LOPEZ,DIVERSIFICADO,PRIVADO,URBANA,ABIERTA,MONOLINGUE,DOBLE,FIN DE SEMANA,IZABAL
18-01-0203-46,18-005,IZABAL,PUERTO BARRIOS,"INSTITUTO PREUNIVERSITARIO DE IZABAL ""PREU""",COLONIA SAN CRISTOBAL ENTRE RIOS,57864086,MONICA LISETH DUARTE MEJIA,FREDY ANTONIO FLORES LOPEZ,DIVERSIFICADO,PRIVADO,URBANA,CERRADA TEMPORALMENTE,MONOLINGUE,MATUTINA,DIARIO(REGULAR),IZABAL
18-01-0205-46,18-008,IZABAL,PUERTO BARRIOS,"INSTITUTO PREUNIVERSITARIO DE IZABAL ""PREU""",COLONIA SAN CRISTOBAL ENTRE RIOS,49026498,ELENA ELIZABETH SUCHITE GARNICA,FREDY ANTONIO FLORES LOPEZ,DIVERSIFICADO,PRIVADO,URBANA,ABIERTA,MONOLINGUE,VESPERTINA,DIARIO(REGULAR),IZABAL
18-01-0206-46,18-008,IZABAL,PUERTO BARRIOS,"CENTRO EDUCATIVO ""LICEO CENTROAMERICANO""",5A.CALLE ENTRE 3A. Y 4A. AVENIDA,47193485,ELENA ELIZABETH SUCHITE GARNICA,WALTER DANILO MONTERROSO JIMENEZ,DIVERSIFICADO,PRIVADO,URBANA,ABIERTA,MONOLINGUE,VESPERTINA,DIARIO(REGULAR),IZABAL
18-01-0209-46,18-008,IZABAL,PUERTO BARRIOS,"CENTRO EDUCATIVO ""LICEO CENTROAMERICANO""",5A.CALLE ENTRE 3A. Y 4A. AVENIDA,47193485,ELENA ELIZABETH SUCHITE GARNICA,WALTER DANILO MONTERROSO JIMENEZ,DIVERSIFICADO,PRIVADO,URBANA,ABIERTA,MONOLINGUE,DOBLE,FIN DE SEMANA,IZABAL
18-01-0210-46,18-008,IZABAL,PUERTO BARRIOS,"CENTRO EDUCATIVO ""LICEO CENTROAMERICANO""",5A.CALLE ENTRE 3A. Y 4A. AVENIDA,47193485,ELENA ELIZABETH SUCHITE GARNICA,WALTER DANILO MONTERROSO JIMENEZ,DIVERSIFICADO,PRIVADO,URBANA,ABIERTA,MONOLINGUE,DOBLE,FIN DE SEMANA,IZABAL
18-01-0211-46,18-008,IZABAL,PUERTO BARRIOS,"COLEGIO CRISTIANO PRIVADO MIXTO ""CRISTO VIENE""",ALDEA ENTRE RIOS,79475041,ELENA ELIZABETH SUCHITE GARNICA,GRICELDA MAGALY LEMUS CALDERON,DIVERSIFICADO,PRIVADO,RURAL,ABIERTA,MONOLINGUE,DOBLE,FIN DE SEMANA,IZABAL
18-01-0218-46,18-005,IZABAL,PUERTO BARRIOS,CENTRO EDUCATIVO CONCEPCION DE MARIA,"COLONIA 15 DE ABRIL, SANTO TOMAS DE CASTILLA",79484943,MONICA LISETH DUARTE MEJIA,MIGUEL SALAZAR PEREZ,DIVERSIFICADO,PRIVADO,RURAL,CERRADA TEMPORALMENTE,MONOLINGUE,VESPERTINA,DIARIO(REGULAR),IZABAL
18-01-0221-46,18-005,IZABAL,PUERTO BARRIOS,CENTRO EDUCATIVO CONCEPCION DE MARIA,"COLONIA 15 DE ABRIL, SANTO TOMAS DE CASTILLA",79484943,MONICA LISETH DUARTE MEJIA,MIGUEL SALAZAR PEREZ,DIVERSIFICADO,PRIVADO,RURAL,CERRADA TEMPORALMENTE,MONOLINGUE,MATUTINA,DIARIO(REGULAR),IZABAL
18-01-0232-46,18-008,IZABAL,PUERTO BARRIOS,CENTRO EDUCATIVO CONCEPCION DE MARIA,"COLONIA 15 DE ABRIL, SANTO TOMAS DE CASTILLA",79484943,ELENA ELIZABETH SUCHITE GARNICA,EVELYN MARILU FRANCO ALDANA DE CHUPINA,DIVERSIFICADO,PRIVADO,RURAL,ABIERTA,MONOLINGUE,DOBLE,FIN DE SEMANA,IZABAL
18-01-0234-46,18-005,IZABAL,PUERTO BARRIOS,LICEO EDUCACIONAL INTERACTIVO LEI,12 AV. 10 Y 11 CALLE,42238214,MONICA LISETH DUARTE MEJIA,ERWIN FERNANDO GUZMAN OVALLE,DIVERSIFICADO,PRIVADO,URBANA,CERRADA TEMPORALMENTE,MONOLINGUE,VESPERTINA,DIARIO(REGULAR),IZABAL
18-01-0237-46,18-008,IZABAL,PUERTO BARRIOS,LICEO TECNICO GUATEMALTECO IDETI,ALDEA LA PLACA NO. 1,57843058,ELENA ELIZABETH SUCHITE GARNICA,DAISY LORENA AGUIRRE VENTURA DE MEJIA,DIVERSIFICADO,PRIVADO,RURAL,ABIERTA,MONOLINGUE,DOBLE,FIN DE SEMANA,IZABAL
18-01-0238-46,18-006,IZABAL,PUERTO BARRIOS,INSTITUTO OFICIAL DE EDUCACION BASICA Y BACHILLERATO EN CIENCIAS Y LETRAS POR MADUREZ TIERRA DE DIOS,INTERIOR CENTRO DE REHABILITACION,79480495,CYNTHIA AZUCELLY BARRIENTOS LOPEZ,NAZARIO CHAVEZ PEREZ,DIVERSIFICADO,OFICIAL,URBANA,ABIERTA,MONOLINGUE,MATUTINA,DIARIO(REGULAR),IZABAL
18-01-0242-46,18-008,IZABAL,PUERTO BARRIOS,INSTITUTO PARTICULAR MIXTO JOSE MARIA BONILLA RUANO,19 CALLE 14 AVENIDAS,53108367,ELENA ELIZABETH SUCHITE GARNICA,GUSTAVO GUMERCINDO RODAS MAZARIEGOS,DIVERSIFICADO,PRIVADO,URBANA,ABIERTA,MONOLINGUE,DOBLE,FIN DE SEMANA,IZABAL
18-01-0243-46,18-008,IZABAL,PUERTO BARRIOS,INSTITUTO PARTICULAR MIXTO JOSE MARIA BONILLA RUANO,19 CALLE 14 AVENIDAS,53108367,ELENA ELIZABETH SUCHITE GARNICA,GUSTAVO GUMERCINDO RODAS MAZARIEGOS,DIVERSIFICADO,PRIVADO,URBANA,ABIERTA,MONOLINGUE,DOBLE,FIN DE SEMANA,IZABAL
18-01-0246-46,18-008,IZABAL,PUERTO BARRIOS,COLEGIO PARTICULAR MIXTO SHADDAI,"COLONIA SAN AGUSTIN, DE SANTO TOMAS DE CASTILLA",79453430,ELENA ELIZABETH SUCHITE GARNICA,HERLINDO ARTIGA MARROQUIN,DIVERSIFICADO,PRIVADO,RURAL,ABIERTA,MONOLINGUE,VESPERTINA,DIARIO(REGULAR),IZABAL
18-01-0254-46,18-005,IZABAL,PUERTO BARRIOS,INSTITUTO MIXTO INTEGRAL MARIA CHINCHILLA,4A. AVENIDA ENTRE 12 Y 13 CALLES,44641742,MONICA LISETH DUARTE MEJIA,WALTER FRANCISCO LOPEZ TOBAR,DIVERSIFICADO,PRIVADO,URBANA,CERRADA TEMPORALMENTE,MONOLINGUE,DOBLE,FIN DE SEMANA,IZABAL
18-01-0256-46,18-005,IZABAL,PUERTO BARRIOS,INSTITUTO MIXTO INTEGRAL MARIA CHINCHILLA,4A. AVENIDA ENTRE 12 Y 13 CALLES,44641742,MONICA LISETH DUARTE MEJIA,WALTER FRANCISCO LOPEZ TOBAR,DIVERSIFICADO,PRIVADO,URBANA,CERRADA TEMPORALMENTE,MONOLINGUE,DOBLE,FIN DE SEMANA,IZABAL
18-01-0264-46,18-005,IZABAL,PUERTO BARRIOS,LICEO EDUCACIONAL MIXTO CRISTIANO VIDA NUEVA,13 AV. ENTRE 14 Y 15 CALLES,54454685,MONICA LISETH DUARTE MEJIA,SANDRA LILIANA MAYORGA PEREZ DE COTTO,DIVERSIFICADO,PRIVADO,URBANA,CERRADA TEMPORALMENTE,MONOLINGUE,DOBLE,SABATINO,IZABAL
18-01-0276-46,18-008,IZABAL,PUERTO BARRIOS,COLEGIO CRISTIANO PRIVADO MIXTO CRISTO VIENE,ALDEA ENTRE RIOS,40620273,ELENA ELIZABETH SUCHITE GARNICA,GRICELDA MAGALY LEMUS CALDERON,DIVERSIFICADO,PRIVADO,RURAL,ABIERTA,MONOLINGUE,DOBLE,FIN DE SEMANA,IZABAL
18-01-0277-46,18-005,IZABAL,PUERTO BARRIOS,INSTITUTO DE EDUCACION BASICA Y BACHILLERATO POR MADUREZ EMPORNAC,ZONA URBANIZADA PUERTO SANTO TOMAS DE CASTILLA,77204040,MONICA LISETH DUARTE MEJIA,SERGIO GIRON PINALES,DIVERSIFICADO,PRIVADO,URBANA,CERRADA TEMPORALMENTE,MONOLINGUE,DOBLE,DIARIO(REGULAR),IZABAL
18-01-0284-46,18-008,IZABAL,PUERTO BARRIOS,LICEO EDUCATIVO DE FORMACION INTEGRAL FUENTE DE VIDA,CASERIO COLINA II DE SANTO TOMAS DE CASTILLA,50218402,ELENA ELIZABETH SUCHITE GARNICA,HEIDI YESENIA VASQUEZ MORALES,DIVERSIFICADO,PRIVADO,RURAL,ABIERTA,MONOLINGUE,DOBLE,FIN DE SEMANA,IZABAL
18-01-0285-46,18-008,IZABAL,PUERTO BARRIOS,LICEO EDUCATIVO DE FORMACION INTEGRAL FUENTE DE VIDA,CASERIO COLINA II DE SANTO TOMAS DE CASTILLA,50218402,ELENA ELIZABETH SUCHITE GARNICA,HEIDI YESENIA VASQUEZ MORALES,DIVERSIFICADO,PRIVADO,URBANA,ABIERTA,MONOLINGUE,DOBLE,FIN DE SEMANA,IZABAL
18-01-0286-46,18-005,IZABAL,PUERTO BARRIOS,COLEGIO PARTICULAR MIXTO MATIAS DE GALVEZ,COLONIA PIEDRAS NEGRAS,50157184,MONICA LISETH DUARTE MEJIA,MARIA MAGDALENA SUCHITE GARNICA,DIVERSIFICADO,PRIVADO,RURAL,CERRADA TEMPORALMENTE,MONOLINGUE,VESPERTINA,DIARIO(REGULAR),IZABAL
18-01-0287-46,18-008,IZABAL,PUERTO BARRIOS,CENTRO EDUCATIVO CONCEPCION DE MARIA,"COLONIA 15 DE ABRIL, SANTO TOMAS DE CASTILLA",79484943,ELENA ELIZABETH SUCHITE GARNICA,EVELYN MARILU FRANCO ALDANA DE CHUPINA,DIVERSIFICADO,PRIVADO,RURAL,CERRADA TEMPORALMENTE,MONOLINGUE,DOBLE,FIN DE SEMANA,IZABAL
18-01-0291-46,18-005,IZABAL,PUERTO BARRIOS,INSTITUTO DE FORMACION TECNOLOGICO PORTEÑO INFOTECPO,12 AVENIDA ENTRE 12 Y 13 CALLES,79524625,MONICA LISETH DUARTE MEJIA,SILVIA LETICIA LEMUS,DIVERSIFICADO,PRIVADO,URBANA,CERRADA TEMPORALMENTE,MONOLINGUE,VESPERTINA,DIARIO(REGULAR),IZABAL
18-01-0292-46,18-005,IZABAL,PUERTO BARRIOS,INSTITUTO DE FORMACION TECNOLOGICO PORTEÑO INFOTECPO,12 AVENIDA ENTRE 12 Y 13 CALLES,79524625,MONICA LISETH DUARTE MEJIA,SILVIA LETICIA LEMUS,DIVERSIFICADO,PRIVADO,URBANA,CERRADA TEMPORALMENTE,MONOLINGUE,NOCTURNA,DIARIO(REGULAR),IZABAL
18-01-0300-46,18-008,IZABAL,PUERTO BARRIOS,"INSTITUTO TECNICO DE CAPACITACION Y PRODUCTIVIDAD, INTECAP",SANTO TOMAS DE CASTILLA,79483012,ELENA ELIZABETH SUCHITE GARNICA,NORA EUGENIA DIAZ DIAZ,DIVERSIFICADO,PRIVADO,RURAL,ABIERTA,MONOLINGUE,MATUTINA,DIARIO(REGULAR),IZABAL
18-01-0305-46,18-005,IZABAL,PUERTO BARRIOS,"INSTITUTO INTERCULTURAL MIXTO ""KATOK WINAQ""",21 CALLE 14 AVENIDA,79486433-79480166,MONICA LISETH DUARTE MEJIA,CINTHYA MARIBEL DIAZ ALDANA DE LINARES,DIVERSIFICADO,PRIVADO,URBANA,CERRADA TEMPORALMENTE,MONOLINGUE,DOBLE,FIN DE SEMANA,IZABAL
18-01-0306-46,18-005,IZABAL,PUERTO BARRIOS,"INSTITUTO INTERCULTURAL MIXTO ""KATOK WINAQ""",21 CALLE 14 AVENIDA,79486433-79480166,MONICA LISETH DUARTE MEJIA,CINTHYA MARIBEL DIAZ ALDANA DE LINARES,DIVERSIFICADO,PRIVADO,URBANA,CERRADA TEMPORALMENTE,MONOLINGUE,DOBLE,IRREGULAR,IZABAL
18-01-0307-46,18-005,IZABAL,PUERTO BARRIOS,"INSTITUTO INTERCULTURAL MIXTO ""KATOK WINAQ""",21 CALLE 14 AVENIDA,79486433-79480166,MONICA LISETH DUARTE MEJIA,CINTHYA MARIBEL DIAZ ALDANA DE LINARES,DIVERSIFICADO,PRIVADO,URBANA,CERRADA TEMPORALMENTE,MONOLINGUE,DOBLE,FIN DE SEMANA,IZABAL
18-01-0308-46,18-005,IZABAL,PUERTO BARRIOS,"INSTITUTO INTERCULTURAL MIXTO ""KATOK WINAQ""",21 CALLE 14 AVENIDA,79486433-79480166,MONICA LISETH DUARTE MEJIA,CINTHYA MARIBEL DIAZ ALDANA DE LINARES,DIVERSIFICADO,PRIVADO,URBANA,CERRADA TEMPORALMENTE,MONOLINGUE,DOBLE,IRREGULAR,IZABAL
18-01-0313-46,18-008,IZABAL,PUERTO BARRIOS,"COLEGIO MIXTO BILINGUE ""QUETZALLI""","3A. CALLE 15A. AVENIDA, COLONIA LAS FLORES, SANTO TOMAS DE CASTILLA",79600197,ELENA ELIZABETH SUCHITE GARNICA,JUAN CARLOS LUCERO ALVARADO,DIVERSIFICADO,PRIVADO,RURAL,ABIERTA,MONOLINGUE,MATUTINA,DIARIO(REGULAR),IZABAL
18-01-0317-46,18-006,IZABAL,PUERTO BARRIOS,INSTITUTO NACIONAL DE EDUCACION DIVERSIFICADA -INED-,ALDEA SANTO TOMAS DE CASTILLA,41568056,CYNTHIA AZUCELLY BARRIENTOS LOPEZ,HUGO RANDOLFO BARRIENTOS MENDEZ,DIVERSIFICADO,OFICIAL,RURAL,ABIERTA,MONOLINGUE,VESPERTINA,DIARIO(REGULAR),IZABAL
18-01-0319-46,18-008,IZABAL,PUERTO BARRIOS,"INSTITUTO PREUNIVERSITARIO DE IZABAL ""PREU""","COLONIA SAN CRISTOBAL, ENTRE RIOS, PUERTO BARRIOS",49026498,ELENA ELIZABETH SUCHITE GARNICA,FREDY ANTONIO FLORES LOPEZ,DIVERSIFICADO,PRIVADO,RURAL,ABIERTA,MONOLINGUE,DOBLE,FIN DE SEMANA,IZABAL
18-01-0320-46,18-008,IZABAL,PUERTO BARRIOS,"COLEGIO PARTICULAR MIXTO ""MATÍAS DE GÁLVEZ""","COLONIA PIEDRAS NEGRAS, ALDEA SANTO TOMÁS DE CASTILLA",77600249,ELENA ELIZABETH SUCHITE GARNICA,MARIA MAGDALENA SÚCHITE GARNICA,DIVERSIFICADO,PRIVADO,RURAL,ABIERTA,MONOLINGUE,DOBLE,FIN DE SEMANA,IZABAL
18-01-0325-46,18-008,IZABAL,PUERTO BARRIOS,"INSTITUTO PARTICULAR MIXTO ""EL DIVINO MAESTRO""",BARRIO EL PUEBLITO ALDEA SANTO TOMAS DE CASTILLA,79484009,ELENA ELIZABETH SUCHITE GARNICA,MANUEL DE JESÚS SAGASTUME CASASOLA,DIVERSIFICADO,PRIVADO,RURAL,ABIERTA,MONOLINGUE,DOBLE,FIN DE SEMANA,IZABAL
18-01-0326-46,18-008,IZABAL,PUERTO BARRIOS,"COLEGIO LUTERANO ""CRISTO EL SALVADOR""",4A. AVENIDA 12-13 CALLES,79488357,ELENA ELIZABETH SUCHITE GARNICA,RICARDO AUGUSTO CASASOLA ANLEU,DIVERSIFICADO,PRIVADO,URBANA,ABIERTA,MONOLINGUE,VESPERTINA,DIARIO(REGULAR),IZABAL
18-01-0327-46,18-008,IZABAL,PUERTO BARRIOS,"COLEGIO PRIVADO MIXTO ECOLOGICO ""CAMPO Y VIDA""",ALDEA AGUA CALIENTE,79600870-46007362,ELENA ELIZABETH SUCHITE GARNICA,SHAWNY YUBITZA GISELL PEÑA AGUSTIN,DIVERSIFICADO,PRIVADO,RURAL,ABIERTA,MONOLINGUE,MATUTINA,DIARIO(REGULAR),IZABAL
18-01-0337-46,18-006,IZABAL,PUERTO BARRIOS,INED PROF. HUGO LEONEL SANCÉ CETINO,21 CALLE 5A. Y 6A. AVENIDAS,54667746,CYNTHIA AZUCELLY BARRIENTOS LOPEZ,HUGO LEONEL SANCÉ CETINO,DIVERSIFICADO,OFICIAL,URBANA,ABIERTA,MONOLINGUE,VESPERTINA,DIARIO(REGULAR),IZABAL
18-01-0339-46,18-005,IZABAL,PUERTO BARRIOS,LICEO MIXTO BILINGÜE CANADIENSE,7A. CALLE ENTRE 6A. Y 7A. AVENIDAS,79480085,MONICA LISETH DUARTE MEJIA,WILMER EZEQUIEL MONGE MARTINEZ,DIVERSIFICADO,PRIVADO,URBANA,CERRADA TEMPORALMENTE,MONOLINGUE,VESPERTINA,DIARIO(REGULAR),IZABAL
18-01-0340-46,18-005,IZABAL,PUERTO BARRIOS,LICEO MIXTO BILINGÜE CANADIENSE,7A. CALLE ENTRE 6A. Y 7A. AVENIDAS,79480085,MONICA LISETH DUARTE MEJIA,WILMER EZEQUIEL MONGE MARTINEZ,DIVERSIFICADO,PRIVADO,URBANA,CERRADA TEMPORALMENTE,MONOLINGUE,MATUTINA,DIARIO(REGULAR),IZABAL
18-01-0343-46,18-008,IZABAL,PUERTO BARRIOS,LICEO MIXTO BILINGÜE CANADIENSE,6A. CALLE Y 4A. AVENIDA,79480085-50307050,ELENA ELIZABETH SUCHITE GARNICA,WILMER EZEQUIEL MONGE MARTINEZ,DIVERSIFICADO,PRIVADO,URBANA,ABIERTA,MONOLINGUE,DOBLE,FIN DE SEMANA,IZABAL
18-01-0344-46,18-008,IZABAL,PUERTO BARRIOS,LICEO MIXTO BINLINGÜE CANADIENSE,6A. CALLE Y 4A. AVENIDA,79480085-50307050,ELENA ELIZABETH SUCHITE GARNICA,WILMER EZEQUIEL MONGE MARTINEZ,DIVERSIFICADO,PRIVADO,URBANA,ABIERTA,MONOLINGUE,DOBLE,FIN DE SEMANA,IZABAL
18-01-0350-46,18-005,IZABAL,PUERTO BARRIOS,"COLEGIO TECNICO PRIVADO MIXTO ""SAN JOSE""",ALDEA MEDIA LUNA,41558965,MONICA LISETH DUARTE MEJIA,LUIS ALBERTO CARCAMO PEÑA,DIVERSIFICADO,PRIVADO,RURAL,CERRADA TEMPORALMENTE,MONOLINGUE,DOBLE,FIN DE SEMANA,IZABAL
18-01-0351-46,18-005,IZABAL,PUERTO BARRIOS,"COLEGIO TECNICO PRIVADO MIXTO ""SAN JOSE""",ALDEA MEDIA LUNA,41558965,MONICA LISETH DUARTE MEJIA,LUIS ALBERTO CARCAMO PEÑA,DIVERSIFICADO,PRIVADO,RURAL,CERRADA TEMPORALMENTE,MONOLINGUE,DOBLE,FIN DE SEMANA,IZABAL
18-01-0352-46,18-008,IZABAL,PUERTO BARRIOS,LICEO EDUCATIVO DE FORMACION INTEGRAL FUENTE DE VIDA,"CASERIO COLINA II, ALDEA SANTO TOMAS DE CASTILLA",50218402,ELENA ELIZABETH SUCHITE GARNICA,HEIDI YESENIA VASQUEZ MORALES,DIVERSIFICADO,PRIVADO,RURAL,ABIERTA,MONOLINGUE,VESPERTINA,DIARIO(REGULAR),IZABAL
18-01-0356-46,18-008,IZABAL,PUERTO BARRIOS,"COLEGIO PRIVADO MIXTO ""SAN JOSE""","BARRIO EL PUEBLITO, SANTO TOMAS DE CASTILLA",79484877,ELENA ELIZABETH SUCHITE GARNICA,LESVIA LINETH CARDONA NOVA DE SANDOVAL,DIVERSIFICADO,PRIVADO,RURAL,ABIERTA,MONOLINGUE,VESPERTINA,DIARIO(REGULAR),IZABAL
18-01-0358-46,18-008,IZABAL,PUERTO BARRIOS,"COLEGIO MIXTO BILINGÜE ""QUETZALLI""","3A. CALLE Y 15 AVENIDA, COLONIA LAS FLORES, SANTO TOMAS DE CASTILLA",79600197,ELENA ELIZABETH SUCHITE GARNICA,JUAN CARLOS LUCERO ALVARADO,DIVERSIFICADO,PRIVADO,RURAL,ABIERTA,MONOLINGUE,DOBLE,FIN DE SEMANA,IZABAL
18-01-0359-46,18-008,IZABAL,PUERTO BARRIOS,COLEGIO PARTICULAR MIXTO MIGUEL ANGEL ASTURIAS,11 CALLE ENTRE 10 Y 11 AVENIDAS,79481153,ELENA ELIZABETH SUCHITE GARNICA,LUBIA JUDITH ORELLANA SALAS DE OLIVA,DIVERSIFICADO,PRIVADO,URBANA,ABIERTA,MONOLINGUE,DOBLE,FIN DE SEMANA,IZABAL
18-01-0365-46,18-008,IZABAL,PUERTO BARRIOS,LICEO DR. LUIS VON AHN,12 AVENIDA ENTRE 10 Y 11 CALLES,79524680-79524680,ELENA ELIZABETH SUCHITE GARNICA,JOSE FRANCISCO ALFARO PAZ,DIVERSIFICADO,PRIVADO,URBANA,ABIERTA,MONOLINGUE,VESPERTINA,DIARIO(REGULAR),IZABAL
18-01-0368-46,18-008,IZABAL,PUERTO BARRIOS,"COLEGIO CRISTIANO MIXTO BILINGUE ""MI DULCE PARAISO""","4A, CALLE 15 AVENIDA, COLONIA SAN AGUSTIN, ALDEA SANTO TOMAS DE CASTILLA",79524378,ELENA ELIZABETH SUCHITE GARNICA,MAGGIE SHAUNNY MAHLI MUÑOZ SALGUERO,DIVERSIFICADO,PRIVADO,RURAL,ABIERTA,MONOLINGUE,VESPERTINA,DIARIO(REGULAR),IZABAL
18-01-0369-46,18-008,IZABAL,PUERTO BARRIOS,COLEGIO BILINGÜE ABC,13 CALLE 5A. Y 6A.,79429590,ELENA ELIZABETH SUCHITE GARNICA,DORA LETICIA CARDONA DE LA CRUZ,DIVERSIFICADO,PRIVADO,URBANA,ABIERTA,MONOLINGUE,DOBLE,DIARIO(REGULAR),IZABAL
18-01-0376-46,18-008,IZABAL,PUERTO BARRIOS,"INSTITUTO PARTICULAR MIXTO ""ADONAI""",CASERIO LA REFINERIA,54837080,ELENA ELIZABETH SUCHITE GARNICA,SANDRA PATRICIA LOPEZ JORDAN,DIVERSIFICADO,PRIVADO,URBANA,ABIERTA,MONOLINGUE,DOBLE,FIN DE SEMANA,IZABAL
18-01-0377-46,18-008,IZABAL,PUERTO BARRIOS,"INSTITUTO PARTICULAR MIXTO ""ADONAI""",CASERIO LA REFINERIA,54837080,ELENA ELIZABETH SUCHITE GARNICA,SANDRA PATRICIA LOPEZ JORDAN,DIVERSIFICADO,PRIVADO,URBANA,ABIERTA,MONOLINGUE,DOBLE,FIN DE SEMANA,IZABAL
18-01-0378-46,18-008,IZABAL,PUERTO BARRIOS,"INSTITUTO PARTICULAR MIXTO ""ADONAI""",CASERIO LA REFINERIA,54837080,ELENA ELIZABETH SUCHITE GARNICA,SANDRA PATRICIA LOPEZ JORDAN,DIVERSIFICADO,PRIVADO,URBANA,ABIERTA,MONOLINGUE,DOBLE,FIN DE SEMANA,IZABAL
18-01-0379-46,18-005,IZABAL,PUERTO BARRIOS,"LICEO TECNICO VOCACIONAL ""MAYA""",22 CALLE 7A. Y 8A. AVENIDA,79481614,MONICA LISETH DUARTE MEJIA,PERLA AMY ONDRA FORBES NICHOLAS,DIVERSIFICADO,PRIVADO,URBANA,CERRADA TEMPORALMENTE,MONOLINGUE,DOBLE,FIN DE SEMANA,IZABAL
18-01-0380-46,18-008,IZABAL,PUERTO BARRIOS,ESCUELA TECNICA DE FORMACION Y CAPACITACION DE DESARROLLOS HOTELEROS INTERNATIONAL,FINCA PICHILINGO,79311231,ELENA ELIZABETH SUCHITE GARNICA,BRIANDA CAROLINA MIRANDA FAJARDO,DIVERSIFICADO,PRIVADO,URBANA,ABIERTA,MONOLINGUE,DOBLE,FIN DE SEMANA,IZABAL
18-01-0385-46,18-008,IZABAL,PUERTO BARRIOS,"COLEGIO PARTICULAR MIXTO ""RAFAEL ALVAREZ OVALLE""",ALDEA EL COROZO MILLA 4,53444994,ELENA ELIZABETH SUCHITE GARNICA,HEIDY ALEJANDRA ALDANA LOPEZ,DIVERSIFICADO,PRIVADO,RURAL,ABIERTA,MONOLINGUE,DOBLE,FIN DE SEMANA,IZABAL
18-01-0394-46,18-008,IZABAL,PUERTO BARRIOS,LICEO DR. LUIS VON AHN,12 AVENIDA ENTRE 10 Y 11 CALLES,79480009,ELENA ELIZABETH SUCHITE GARNICA,JOSE FRANCISCO ALFARO PAZ,DIVERSIFICADO,PRIVADO,URBANA,ABIERTA,MONOLINGUE,DOBLE,FIN DE SEMANA,IZABAL
18-01-0400-46,18-008,IZABAL,PUERTO BARRIOS,CENTRO EDUCATIVO DE FORMACIÓN INTEGRAL SAN MARTÍN DE PORRES,5A AVENIDA ENTRE 3A. Y 4A. CALLES,41542920,ELENA ELIZABETH SUCHITE GARNICA,GUSTAVO ADOLFO BATRES ESPINOZA,DIVERSIFICADO,PRIVADO,URBANA,ABIERTA,MONOLINGUE,DOBLE,FIN DE SEMANA,IZABAL
18-01-0402-46,18-008,IZABAL,PUERTO BARRIOS,CENTRO DE DESARROLLO HUMANO TECNOLOGICO ASOCIACION GRUPO CEIBA,"COLONIA SAN AGUSTIN, ALDEA SANTO TOMAS DE CASTILLA",57175702,ELENA ELIZABETH SUCHITE GARNICA,MARIA DEL CARMEN URIZAR CATALAN,DIVERSIFICADO,PRIVADO,RURAL,ABIERTA,MONOLINGUE,DOBLE,FIN DE SEMANA,IZABAL
18-01-0403-46,18-008,IZABAL,PUERTO BARRIOS,COLEGIO MIXTO BILINGUE QUETZALLI,"COLONIA LAS FLORES, ALDEA SANTO TOMAS DE CASTILLA",31229254,ELENA ELIZABETH SUCHITE GARNICA,JUAN CARLOS LUCERO ALVARADO,DIVERSIFICADO,PRIVADO,RURAL,ABIERTA,MONOLINGUE,DOBLE,FIN DE SEMANA,IZABAL
18-01-0404-46,18-008,IZABAL,PUERTO BARRIOS,LICEO TECNICO GUATEMALTECO IDETI,ALDEA PLACA NO.1,50184029,ELENA ELIZABETH SUCHITE GARNICA,DAISY LORENA AGUIRRE VENTURA DE MEJIA,DIVERSIFICADO,PRIVADO,RURAL,ABIERTA,MONOLINGUE,DOBLE,FIN DE SEMANA,IZABAL
18-01-0405-46,18-008,IZABAL,PUERTO BARRIOS,COLEGIO PARTICULAR MIXTO SHADDAI,3A. CALLE 1A. COLONIA SAN AGUSTIN SANTO TOMAS DE CASTILLA,79453430,ELENA ELIZABETH SUCHITE GARNICA,HERLINDO ARTIGA MARROQUIN,DIVERSIFICADO,PRIVADO,RURAL,ABIERTA,MONOLINGUE,DOBLE,FIN DE SEMANA,IZABAL
18-01-0406-46,18-036,IZABAL,PUERTO BARRIOS,"PROGRAMA NACIONAL DE EDUCACION ALTERNATIVA, PRONEA",20 AVENIDA 13-14 CALLES,79480009,LESBIA MARELI SANTOS PANCAN DE SUCHITE,DANY ARELY IBARRA MEJIA,DIVERSIFICADO,OFICIAL,RURAL,TEMPORAL TITULOS,MONOLINGUE,DOBLE,A DISTANCIA,IZABAL
18-01-0657-46,18-005,IZABAL,PUERTO BARRIOS,INSTITUTO PRIVADO MIXTO DE EDUCACION DIVERSIFICADA LICEO MONTESSORI JV,12 AVENIDA ENTRE 10 Y 11 CALLES,79480774,MONICA LISETH DUARTE MEJIA,MIGUEL DANILO MONTERROSO,DIVERSIFICADO,PRIVADO,URBANA,CERRADA TEMPORALMENTE,MONOLINGUE,VESPERTINA,DIARIO(REGULAR),IZABAL
18-01-0658-46,18-005,IZABAL,PUERTO BARRIOS,INSTITUTO PRIVADO MIXTO DE EDUCACION DIVERSIFICADA EL DIVINO MAESTRO JN,"CALZADA AL CAMPO DE DIOS, BARRIO EL PUEBLITO",79484009,MONICA LISETH DUARTE MEJIA,MANUEL DE JESUS SAGASTUME CASASOLA,DIVERSIFICADO,PRIVADO,URBANA,CERRADA TEMPORALMENTE,MONOLINGUE,NOCTURNA,DIARIO(REGULAR),IZABAL
18-01-0695-46,18-005,IZABAL,PUERTO BARRIOS,"INSTITUTO PARTICULAR MIXTO ""CIENCIA Y DESARROLLO""",14 CALLE 12 AVENIDA,79486407,MONICA LISETH DUARTE MEJIA,EDGAR ROMEO MARTÍNEZ CÁCERES,DIVERSIFICADO,PRIVADO,URBANA,CERRADA TEMPORALMENTE,MONOLINGUE,DOBLE,FIN DE SEMANA,IZABAL
18-01-0710-46,18-005,IZABAL,PUERTO BARRIOS,"COLEGIO PARTICULAR MIXTO ""MIGUEL ANGEL ASTURIAS""",11 CALLE ENTRE 10 Y 11 AVENIDA,79482219,MONICA LISETH DUARTE MEJIA,,DIVERSIFICADO,PRIVADO,URBANA,CERRADA TEMPORALMENTE,MONOLINGUE,NOCTURNA,DIARIO(REGULAR),IZABAL
18-01-0711-46,,IZABAL,PUERTO BARRIOS,INSTITUTO PRIVADO MIXTO DE EDUCACION BASICA 'ASOPROBA',FINCA ESKIMO,,,,DIVERSIFICADO,PRIVADO,URBANA,CERRADA TEMPORALMENTE,MONOLINGUE,NOCTURNA,DIARIO(REGULAR),IZABAL
18-01-0746-46,18-005,IZABAL,PUERTO BARRIOS,COLEGIO DE CIENCIAS DE LA COMPUTACION,8A. AVENIDA Y 10A. CALLE,79480009,MONICA LISETH DUARTE MEJIA,MIGUEL DANILO MONTERROSO,DIVERSIFICADO,PRIVADO,URBANA,CERRADA TEMPORALMENTE,MONOLINGUE,MATUTINA,DIARIO(REGULAR),IZABAL
18-01-1025-46,18-008,IZABAL,PUERTO BARRIOS,COLEGIO PARTICULAR MIXTO 'MIGUEL ANGEL ASTURIAS' JM,11 CALLE ENTRE 10 Y 11 AVENIDA,79481153,ELENA ELIZABETH SUCHITE GARNICA,LUBIA JUDITH ORELLANA SALAS DE OLIVA,DIVERSIFICADO,PRIVADO,URBANA,ABIERTA,MONOLINGUE,MATUTINA,DIARIO(REGULAR),IZABAL
18-01-1134-46,18-008,IZABAL,PUERTO BARRIOS,"COLEGIO PARTICULAR MIXTO ""MIGUEL ANGEL ASTURIAS""",11 CALLE Y 10 Y 11 AVENIDAS,79481153,ELENA ELIZABETH SUCHITE GARNICA,LUBIA JUDITH ORELLANA SALAS DE OLIVA,DIVERSIFICADO,PRIVADO,URBANA,ABIERTA,MONOLINGUE,VESPERTINA,DIARIO(REGULAR),IZABAL
18-01-1969-46,18-008,IZABAL,PUERTO BARRIOS,INSTITUTO PARTICULAR MIXTO EL DIVINO MAESTRO,"CALZADA CAMPO DE DIOS, BARRIO EL PUEBLITO",79484009,ELENA ELIZABETH SUCHITE GARNICA,MANUEL DE JESUS SAGASTUME CASASOLA,DIVERSIFICADO,PRIVADO,URBANA,ABIERTA,MONOLINGUE,VESPERTINA,DIARIO(REGULAR),IZABAL
18-01-2004-46,18-005,IZABAL,PUERTO BARRIOS,COLEGIO DE CIENCIAS DE LA COMPUTACION,8A. AVENIDA Y 10A. CALLE,,MONICA LISETH DUARTE MEJIA,,DIVERSIFICADO,PRIVADO,URBANA,CERRADA TEMPORALMENTE,MONOLINGUE,NOCTURNA,DIARIO(REGULAR),IZABAL
18-01-2387-46,18-005,IZABAL,PUERTO BARRIOS,COLEGIO VOCACIONAL ITZAGUAL,19 CALLE 4A. AVENIDA,79480332,MONICA LISETH DUARTE MEJIA,--,DIVERSIFICADO,PRIVADO,URBANA,CERRADA TEMPORALMENTE,MONOLINGUE,VESPERTINA,DIARIO(REGULAR),IZABAL
18-01-2405-46,18-005,IZABAL,PUERTO BARRIOS,LICEO MIXTO '20 DE OCTUBRE',7A. CALLE ENTRE 6A. Y 7A. AVENIDA,79482254,MONICA LISETH DUARTE MEJIA,,DIVERSIFICADO,PRIVADO,URBANA,CERRADA TEMPORALMENTE,MONOLINGUE,NOCTURNA,DIARIO(REGULAR),IZABAL
18-01-2424-46,18-005,IZABAL,PUERTO BARRIOS,LICEO MIXTO 20 DE OCTUBRE,7A. CALLE ENTRE 6A. Y 7A. AVENIDA,79482254,MONICA LISETH DUARTE MEJIA,,DIVERSIFICADO,PRIVADO,URBANA,CERRADA TEMPORALMENTE,MONOLINGUE,MATUTINA,DIARIO(REGULAR),IZABAL
18-01-2427-46,18-005,IZABAL,PUERTO BARRIOS,INSTITUTO PARTICULAR MIXTO ACADEMICO INTEGRADO I.N.A.I,AVENIDA GENERAL UBICO Y 17 CALLE,79480009,MONICA LISETH DUARTE MEJIA,DANIEL HUMBERTO GOMEZ POLANCO,DIVERSIFICADO,PRIVADO,URBANA,TEMPORAL TITULOS,MONOLINGUE,DOBLE,FIN DE SEMANA,IZABAL
18-01-2453-46,18-006,IZABAL,PUERTO BARRIOS,INED ADSCRITO AL INSTITUTO NACIONAL DE EDUCACION BASICA EXPERIMENTAL CON ORIENTACION OCUPACIONAL DR. LUIS PASTEUR,9A. AVE. ENTRE 14 Y 17 CALLES,79488096,CYNTHIA AZUCELLY BARRIENTOS LOPEZ,OLGA LETICIA TENAS MARTINEZ,DIVERSIFICADO,OFICIAL,URBANA,ABIERTA,MONOLINGUE,VESPERTINA,DIARIO(REGULAR),IZABAL
18-01-2487-46,18-006,IZABAL,PUERTO BARRIOS,INSTITUTO DIVERSIFICADO POR COOPERATIVA,9A. AVE. ENTRE 14 Y 17 CALLE,79487047,CYNTHIA AZUCELLY BARRIENTOS LOPEZ,JOSE LUIS JUMIQUE CORONADO,DIVERSIFICADO,COOPERATIVA,URBANA,ABIERTA,MONOLINGUE,VESPERTINA,DIARIO(REGULAR),IZABAL
18-01-2562-46,18-001,IZABAL,PUERTO BARRIOS,INSTITUTO GUATEMALTECO DE EDUCACION RADIOFONICA (IGER),IZABAL,,JACOBO AREVALO MEDINA,,DIVERSIFICADO,PRIVADO,URBANA,CERRADA TEMPORALMENTE,MONOLINGUE,MATUTINA,A DISTANCIA,IZABAL
18-01-2642-46,18-006,IZABAL,PUERTO BARRIOS,ESCUELA NORMAL DE EDUCACION FISICA,ALDEA SANTO TOMAS DE CASTILLA,79453875,CYNTHIA AZUCELLY BARRIENTOS LOPEZ,EDITH CONSUELO SIERRA JUAREZ DE MARROQUIN,DIVERSIFICADO,OFICIAL,RURAL,ABIERTA,MONOLINGUE,DOBLE,DIARIO(REGULAR),IZABAL
18-01-2722-46,18-008,IZABAL,PUERTO BARRIOS,INSTITUTO PARTICULAR MIXTO DE BACH. POR MADUREZ DR. MARIANO GALVEZ,FRENTE AL PARQUE BELGA ALDEA SANTO TOMAS DE CASTILLA,58685566,ELENA ELIZABETH SUCHITE GARNICA,SINDY MARISOL NUÑEZ VALIENTE,DIVERSIFICADO,PRIVADO,RURAL,ABIERTA,MONOLINGUE,DOBLE,FIN DE SEMANA,IZABAL
18-01-2733-46,18-005,IZABAL,PUERTO BARRIOS,INSTITUTO PARTICULAR MIXTO EDUCATIVO INTEGRAL (POR MADUREZ),COLONIA SAN MANUEL ALDEA SANTO TOMAS DE CASTILLA,,MONICA LISETH DUARTE MEJIA,,DIVERSIFICADO,PRIVADO,URBANA,CERRADA TEMPORALMENTE,MONOLINGUE,MATUTINA,FIN DE SEMANA,IZABAL
18-01-2823-46,18-008,IZABAL,PUERTO BARRIOS,COLEGIO EDUCATIVO PRIVADO MIXTO DE FORMACION INTEGRAL EN COMPUTACION CEIF COMP,7AV. ENTRE 14 Y 15 CALLE EN PUERTO BARRIOS,79524695,ELENA ELIZABETH SUCHITE GARNICA,MARCO TULIO FLORES LOPEZ,DIVERSIFICADO,PRIVADO,URBANA,ABIERTA,MONOLINGUE,DOBLE,FIN DE SEMANA,IZABAL
18-01-2828-46,18-008,IZABAL,PUERTO BARRIOS,LICEO TECNICO VOCACIONAL MAYA,22 CALLE 7A. Y 8A. AVENIDA,52936124-79481614,ELENA ELIZABETH SUCHITE GARNICA,MYNOR ALBERTO SANDOVAL,DIVERSIFICADO,PRIVADO,URBANA,CERRADA TEMPORALMENTE,MONOLINGUE,MATUTINA,DIARIO(REGULAR),IZABAL
18-01-2829-46,18-008,IZABAL,PUERTO BARRIOS,LICEO TECNICO VOCACIONAL 'MAYA',22 CALLE 7A. Y 8A. AVENIDA,52936124,ELENA ELIZABETH SUCHITE GARNICA,MYNOR ALBERTO SANDOVAL,DIVERSIFICADO,PRIVADO,URBANA,CERRADA TEMPORALMENTE,MONOLINGUE,MATUTINA,FIN DE SEMANA,IZABAL
18-01-2830-46,18-008,IZABAL,PUERTO BARRIOS,"COLEGIO EDUCATIVO PRIVADO MIXTO DE FORMACION INTEGRAL EN COMPUTACION, CEIF COMP","7A. AVENIDA ENTRE 14 Y 15 CALLE, PUERTO BARRIOS",79524695,ELENA ELIZABETH SUCHITE GARNICA,MARCO TULIO FLORES LOPEZ,DIVERSIFICADO,PRIVADO,URBANA,ABIERTA,MONOLINGUE,DOBLE,FIN DE SEMANA,IZABAL
18-01-2834-46,18-005,IZABAL,PUERTO BARRIOS,INSTITUTO DIVERSIFICADO EN TECNOLOGIA Y TRABAJO INDUSTRIAL,17 CALLE Y 8A. AVENIDA,,MONICA LISETH DUARTE MEJIA,,DIVERSIFICADO,PRIVADO,URBANA,CERRADA TEMPORALMENTE,MONOLINGUE,DOBLE,FIN DE SEMANA,IZABAL
18-01-2913-46,18-005,IZABAL,PUERTO BARRIOS,COLEGIO PARTICULAR MIXTO EVANGELICO LA PROFECIA,,79481405,MONICA LISETH DUARTE MEJIA,,DIVERSIFICADO,PRIVADO,URBANA,CERRADA TEMPORALMENTE,MONOLINGUE,VESPERTINA,DIARIO(REGULAR),IZABAL
18-01-2914-46,18-005,IZABAL,PUERTO BARRIOS,COLEGIO PRIVADO 'SAN JOSE',BARRIO EL PUEBLITO ALDEA SANTO TOMAS DE CASTILLA,79483291,MONICA LISETH DUARTE MEJIA,,DIVERSIFICADO,PRIVADO,URBANA,CERRADA TEMPORALMENTE,MONOLINGUE,VESPERTINA,DIARIO(REGULAR),IZABAL
18-01-2919-46,18-008,IZABAL,PUERTO BARRIOS,INSTITUTO PARTICULAR MIXTO EL DIVINO MAESTRO,CALZADA AL CAMPO DE DIOS ALDEA SANTO TOMAS DE CASTILLA,79484009,ELENA ELIZABETH SUCHITE GARNICA,MANUEL DE JESUS SAGASTUME CASASOLA,DIVERSIFICADO,PRIVADO,RURAL,ABIERTA,MONOLINGUE,DOBLE,FIN DE SEMANA,IZABAL
18-01-2928-46,18-008,IZABAL,PUERTO BARRIOS,COLEGIO PARTICULAR MIXTO 'MIGUEL ANGEL ASTURIAS',11 CALLE 10 Y 11 AV.,79481153,ELENA ELIZABETH SUCHITE GARNICA,LUBIA JUDITH ORELLANA SALAS DE OLIVA,DIVERSIFICADO,PRIVADO,URBANA,ABIERTA,MONOLINGUE,DOBLE,FIN DE SEMANA,IZABAL
18-01-3017-46,18-008,IZABAL,PUERTO BARRIOS,"ESCUELA PARTICULAR MIXTA ""JUSTO RUFINO BARRIOS""",8AV. 17 Y 18 CALLE,79487031,ELENA ELIZABETH SUCHITE GARNICA,ROSA VICTORIA LEONARDO WELCHES,DIVERSIFICADO,PRIVADO,URBANA,ABIERTA,MONOLINGUE,DOBLE,FIN DE SEMANA,IZABAL
18-01-3030-46,18-008,IZABAL,PUERTO BARRIOS,COLEGIO PARTICULAR MIXTO BILINGUE 'JOSE CECILIO DEL VALLE',CALLE PRINCIPAL ALDEA SANTO TOMAS DE CASTILLA,49546612,ELENA ELIZABETH SUCHITE GARNICA,NAZARIO CHAVEZ PEREZ,DIVERSIFICADO,PRIVADO,RURAL,ABIERTA,MONOLINGUE,VESPERTINA,DIARIO(REGULAR),IZABAL
18-01-3032-46,18-005,IZABAL,PUERTO BARRIOS,COLEGIO PARTICULAR MIXTO BILINGUE 'JOSE CECILIO DEL VALLE',CALLE PRINCIPAL ALDEA SANTO TOMAS DE CASTILLA,49546612,MONICA LISETH DUARTE MEJIA,NAZARIO CHAVEZ PEREZ,DIVERSIFICADO,PRIVADO,RURAL,CERRADA TEMPORALMENTE,MONOLINGUE,DOBLE,FIN DE SEMANA,IZABAL
18-01-3068-46,18-008,IZABAL,PUERTO BARRIOS,COLEGIO TECNICO PRIVADO MIXTO LA PATRIA,"FRENTE A LA LINEA FERREA, ALDEA ENTRE RIOS",79475263,ELENA ELIZABETH SUCHITE GARNICA,LUIS ALBERTO CARCAMO PEÑA,DIVERSIFICADO,PRIVADO,RURAL,ABIERTA,MONOLINGUE,DOBLE,FIN DE SEMANA,IZABAL
18-01-3089-46,18-005,IZABAL,PUERTO BARRIOS,INSTITUTO DIVERSIFICADO 'SAN JOSE',ALDEA PUNTA DE PALMA,,MONICA LISETH DUARTE MEJIA,,DIVERSIFICADO,PRIVADO,RURAL,CERRADA TEMPORALMENTE,MONOLINGUE,VESPERTINA,DIARIO(REGULAR),IZABAL
18-01-3107-46,18-008,IZABAL,PUERTO BARRIOS,COLEGIO TECNICO PRIVADO MIXTO LA PATRIA,"FRENTE A LA BOMBA DE AGUA, ALDEA ENTRE RIOS",79475263,ELENA ELIZABETH SUCHITE GARNICA,LUIS ALBERTO CARCAMO PEÑA,DIVERSIFICADO,PRIVADO,RURAL,ABIERTA,MONOLINGUE,VESPERTINA,DIARIO(REGULAR),IZABAL
18-01-3170-46,18-005,IZABAL,PUERTO BARRIOS,LICEO MIXTO '20 DE OCTUBRE',7A. CALLE ENTRE 6A. Y 7A. AVENIDA,79480009,MONICA LISETH DUARTE MEJIA,--,DIVERSIFICADO,PRIVADO,URBANA,CERRADA TEMPORALMENTE,MONOLINGUE,VESPERTINA,DIARIO(REGULAR),IZABAL
18-01-3175-46,18-005,IZABAL,PUERTO BARRIOS,LICEO MIXTO MONTESSORI,10 AVENIDA 10 Y 11 CALLES,79480774,MONICA LISETH DUARTE MEJIA,,DIVERSIFICADO,PRIVADO,URBANA,CERRADA TEMPORALMENTE,MONOLINGUE,DOBLE,FIN DE SEMANA,IZABAL
18-01-3186-46,18-005,IZABAL,PUERTO BARRIOS,LICEO MIXTO 'MODERNO',ALDEA SANTO TOMAS DE CASTILLA,,MONICA LISETH DUARTE MEJIA,,DIVERSIFICADO,PRIVADO,RURAL,CERRADA TEMPORALMENTE,MONOLINGUE,MATUTINA,DIARIO(REGULAR),IZABAL
18-01-3235-46,18-008,IZABAL,PUERTO BARRIOS,COLEGIO PARTICULAR MIXTO PIEDRAS NEGRAS,"COLONIA PIEDRAS NEGRAS, SANTO TOMÁS DE CASTILLA",41051885,ELENA ELIZABETH SUCHITE GARNICA,LASTENIA CARIAS SAMAYOA,DIVERSIFICADO,PRIVADO,RURAL,ABIERTA,MONOLINGUE,DOBLE,FIN DE SEMANA,IZABAL
18-01-3245-46,18-008,IZABAL,PUERTO BARRIOS,COLEGIO PARTICULAR MIXTO 'MATIAS DE GALVEZ',COLONIA PIEDRAS NEGRAS ALDEA SANTO TOMASDE CASTILLA,47102276,ELENA ELIZABETH SUCHITE GARNICA,MARIA MAGDALENA SUCHITE GARNICA,DIVERSIFICADO,PRIVADO,RURAL,ABIERTA,MONOLINGUE,MATUTINA,FIN DE SEMANA,IZABAL
18-02-0108-46,18-017,IZABAL,LIVINGSTON,"INSTITUTO PRIVADO MIXTO DE FORMACION JUVENIL ""RIO DULCE""",ALDEA FRONTERAS RIO DULCE,79305829,RUBEN ALFREDO MAZARIEGOS VASQUEZ,MELVIN EDUARDO VENTURA QUINTANILLA,DIVERSIFICADO,PRIVADO,RURAL,ABIERTA,MONOLINGUE,VESPERTINA,DIARIO(REGULAR),IZABAL
18-02-0110-46,18-017,IZABAL,LIVINGSTON,"INSTITUTO PRIVADO MIXTO DE FORMACION JUVENIL ""RIO DULCE""","ALDEA FRONTERAS, RIO DULCE",79305829,RUBEN ALFREDO MAZARIEGOS VASQUEZ,MELVIN EDUARDO VENTURA QUINTANILLA,DIVERSIFICADO,PRIVADO,RURAL,ABIERTA,MONOLINGUE,DOBLE,FIN DE SEMANA,IZABAL
18-02-0188-46,18-011,IZABAL,LIVINGSTON,INSTITUTO NACIONAL DE EDUCACION DIVERSIFICADA,"CALLE DE LA IGLESIA, BARRIO MINERVA",46129146,JUAN OSVALDO ESTERO MARTINEZ,MITZI LISSETH ALVAREZ TORO,DIVERSIFICADO,OFICIAL,URBANA,ABIERTA,MONOLINGUE,VESPERTINA,DIARIO(REGULAR),IZABAL
18-02-0191-46,18-013,IZABAL,LIVINGSTON,INSTITUTO NACIONAL DE EDUCACION DIVERSIFICADA,ALDEA FRONTERAS RIO DULCE,31298390,LEYVIMARLOT ENRIQUEZ ESPINOZA DE MORALES,WILLIAM OSWALDO PACHAM POP,DIVERSIFICADO,OFICIAL,RURAL,ABIERTA,MONOLINGUE,VESPERTINA,DIARIO(REGULAR),IZABAL
18-02-0242-46,18-011,IZABAL,LIVINGSTON,"COLEGIO PRIVADO MIXTO ""KATERI TEKAKWITHA""",BARRIO MINERVA,79470298,JUAN OSVALDO ESTERO MARTINEZ,EDWIN ROLANDO SAMOL ESQUIT,DIVERSIFICADO,PRIVADO,URBANA,ABIERTA,MONOLINGUE,VESPERTINA,DIARIO(REGULAR),IZABAL
18-02-0254-46,18-017,IZABAL,LIVINGSTON,COLEGIO PARTICULAR MIXTO RIO DULCE,ALDEA FRONTERAS RIO DULCE,79305368,RUBEN ALFREDO MAZARIEGOS VASQUEZ,RUBEN DARIO NOLASCO PEREZ,DIVERSIFICADO,PRIVADO,RURAL,ABIERTA,MONOLINGUE,VESPERTINA,DIARIO(REGULAR),IZABAL
18-02-0255-46,18-017,IZABAL,LIVINGSTON,COLEGIO PARTICULAR MIXTO RIO DULCE,ALDEA FRONTERAS RIO DULCE,79305368,RUBEN ALFREDO MAZARIEGOS VASQUEZ,RUBEN DARIO NOLASCO PEREZ,DIVERSIFICADO,PRIVADO,RURAL,ABIERTA,MONOLINGUE,DOBLE,DIARIO(REGULAR),IZABAL
18-02-0276-46,18-017,IZABAL,LIVINGSTON,COLEGIO PARTICULAR MIXTO MUNDO JUVENIL,BARRIO EL TALLER FRONTERAS ALDEA FRONTERAS,79305318,RUBEN ALFREDO MAZARIEGOS VASQUEZ,RAFAEL ELVIN RETANA CRUZ,DIVERSIFICADO,PRIVADO,RURAL,ABIERTA,MONOLINGUE,DOBLE,FIN DE SEMANA,IZABAL
18-02-0280-46,18-017,IZABAL,LIVINGSTON,COLEGIO PARTICULAR MIXTO MUNDO JUVENIL,"BARRIO EL TALLER FRONTERAS, ALDEA FRONTERAS",79305318,RUBEN ALFREDO MAZARIEGOS VASQUEZ,RAFAEL ELVIN RETANA CRUZ,DIVERSIFICADO,PRIVADO,RURAL,ABIERTA,MONOLINGUE,DOBLE,FIN DE SEMANA,IZABAL
18-02-0281-46,18-017,IZABAL,LIVINGSTON,COLEGIO PARTICULAR MIXTO MUNDO JUVENIL,BARRIO EL TALLER FRONTERAS ALDEA FRONTERAS,79305318,RUBEN ALFREDO MAZARIEGOS VASQUEZ,RAFAEL ELVIN RETANA CRUZ,DIVERSIFICADO,PRIVADO,RURAL,ABIERTA,MONOLINGUE,VESPERTINA,DIARIO(REGULAR),IZABAL
18-02-0291-46,18-017,IZABAL,LIVINGSTON,COLEGIO PARTICULAR MIXTO LIC. HECTOR ARTURO CARPIO ESCOBAR,ALDEA GUITARRAS,40629261,RUBEN ALFREDO MAZARIEGOS VASQUEZ,JAVIER ICAL CHEN,DIVERSIFICADO,PRIVADO,RURAL,ABIERTA,BILINGUE,VESPERTINA,DIARIO(REGULAR),IZABAL
18-02-0304-46,18-016,IZABAL,LIVINGSTON,INSTITUTO NACIONAL DE EDUCACION DIVERSIFICADA -INED-,ALDEA BUENOS AIRES,32821893,DEYSI YANNETH LINARES CALLES DE ENRIQUEZ,ENOC MEDRANO MEJIA,DIVERSIFICADO,OFICIAL,RURAL,ABIERTA,MONOLINGUE,VESPERTINA,DIARIO(REGULAR),IZABAL
18-02-0312-46,18-017,IZABAL,LIVINGSTON,"COLEGIO CRISTIANO PRIVADO MIXTO DE EDUC. BASICA Y DIVERSIFICADA ""MONTE PENIEL""","ALDEA SEMOX , LIVINGSTON, IZABAL",51981985,RUBEN ALFREDO MAZARIEGOS VASQUEZ,OTONIEL GUTIERREZ BAUTISTA,DIVERSIFICADO,PRIVADO,RURAL,ABIERTA,MONOLINGUE,VESPERTINA,DIARIO(REGULAR),IZABAL
18-02-0316-46,18-017,IZABAL,LIVINGSTON,"INSTITUTO PRIVADO MIXTO DE FORMACIÓN JUVENIL ""RÍO DULCE""",ALDEA FRONTERAS RIO DULCE,79305829,RUBEN ALFREDO MAZARIEGOS VASQUEZ,MELVIN EDUARDO VENTURA QUNTANILLA,DIVERSIFICADO,PRIVADO,RURAL,ABIERTA,MONOLINGUE,VESPERTINA,DIARIO(REGULAR),IZABAL
18-02-0317-46,18-017,IZABAL,LIVINGSTON,"INSTITUTO PRIVADO MIXTO DE FORMACIÓN JUVENIL ""RÍO DULCE""",ALDEA FRONTERAS RIO DULCE,79305829,RUBEN ALFREDO MAZARIEGOS VASQUEZ,MELVIN EDUARDO VENTURA QUNTANILLA,DIVERSIFICADO,PRIVADO,RURAL,ABIERTA,MONOLINGUE,DOBLE,FIN DE SEMANA,IZABAL
18-02-0325-46,18-017,IZABAL,LIVINGSTON,"COLEGIO CRISTIANO PRIVADO MIXTO DE EDUCACION BASICA Y DIVERSIFICADA ""MONTE PENIEL""",ALDEA SEMOX,48936943,RUBEN ALFREDO MAZARIEGOS VASQUEZ,OTONIEL GUTIERREZ BAUSTITA,DIVERSIFICADO,PRIVADO,RURAL,ABIERTA,MONOLINGUE,DOBLE,FIN DE SEMANA,IZABAL
18-02-0328-46,18-011,IZABAL,LIVINGSTON,INSTITUTO NACIONAL DE EDUCACIÓN DIVERSIFICADA,ALDEA LÁMPARA,30459178,JUAN OSVALDO ESTERO MARTINEZ,FRANCISCO MUCÚ IXIM,DIVERSIFICADO,OFICIAL,RURAL,ABIERTA,MONOLINGUE,VESPERTINA,DIARIO(REGULAR),IZABAL
18-02-0330-46,18-015,IZABAL,LIVINGSTON,INSTITUTO NACIONAL DE EDUCACION DIVERSIFICADA,ALDEA LOS PARACAIDISTAS,48038616,HUGO LEONEL RAMOS CANTE,HEIDY AMPARO NAJERA CAMEROS,DIVERSIFICADO,OFICIAL,RURAL,ABIERTA,MONOLINGUE,VESPERTINA,DIARIO(REGULAR),IZABAL
18-02-0340-46,18-017,IZABAL,LIVINGSTON,"COLEGIO PRIVADO MIXTO ""D GONZALEZ""",ALDEA LOS ANGELES,30640244,RUBEN ALFREDO MAZARIEGOS VASQUEZ,ANGEL ANTONIO GONZALEZ RAMOS,DIVERSIFICADO,PRIVADO,RURAL,ABIERTA,MONOLINGUE,VESPERTINA,DIARIO(REGULAR),IZABAL
18-02-0341-46,18-017,IZABAL,LIVINGSTON,"COLEGIO PRIVADO MIXTO ""D GONZALEZ""",ALDEA LOS ANGELES,30640244,RUBEN ALFREDO MAZARIEGOS VASQUEZ,ANGEL ANTONIO GONZALEZ RAMOS,DIVERSIFICADO,PRIVADO,RURAL,ABIERTA,MONOLINGUE,DOBLE,FIN DE SEMANA,IZABAL
18-02-0347-46,18-017,IZABAL,LIVINGSTON,"INSTITUTO PRIVADO MIXTO ""HERMANO PEDRO DE BETANCUR""",ALDEA LOS ANGELES,50045452-53886336,RUBEN ALFREDO MAZARIEGOS VASQUEZ,MARIA SOAR RAMIREZ GUTIERREZ,DIVERSIFICADO,PRIVADO,RURAL,ABIERTA,MONOLINGUE,MATUTINA,DIARIO(REGULAR),IZABAL
18-02-0350-46,18-017,IZABAL,LIVINGSTON,"INSTITUTO PRIVADO MIXTO ""HERMANO PEDRO DE BETANCUR""","ALDEA LOS ANGELES, RIO DULCE",53886336,RUBEN ALFREDO MAZARIEGOS VASQUEZ,MARIA SOAR RAMIREZ GUTIERREZ,DIVERSIFICADO,PRIVADO,RURAL,ABIERTA,MONOLINGUE,DOBLE,FIN DE SEMANA,IZABAL
18-02-0351-46,18-017,IZABAL,LIVINGSTON,COLEGIO PARTICULAR MIXTO MUNDO JUVENIL,ALDEA FRONTERAS RIO DULCE,79305318,RUBEN ALFREDO MAZARIEGOS VASQUEZ,RAFAEL ELVIN RETANA CRUZ,DIVERSIFICADO,PRIVADO,RURAL,ABIERTA,MONOLINGUE,DOBLE,DIARIO(REGULAR),IZABAL
18-02-0362-46,18-017,IZABAL,LIVINGSTON,CENTRO EDUCATIVO SAN PABLO FE Y ALEGRIA NO. 52,ALDEA TAMAGAS CREEK,30331507,RUBEN ALFREDO MAZARIEGOS VASQUEZ,MERLYN USBALDO ZACARIAS IPIÑA,DIVERSIFICADO,PRIVADO,RURAL,ABIERTA,MONOLINGUE,VESPERTINA,DIARIO(REGULAR),IZABAL
18-02-0366-46,18-017,IZABAL,LIVINGSTON,INSTITUTO PRIVADO MIXTO SAN JOSE BUENA VISTA,"ALDEA SAN JOSE BUENA VISTA, RIO DULCE",45339061,RUBEN ALFREDO MAZARIEGOS VASQUEZ,JOSE ARNOLDO MAGAÑA RIVERA,DIVERSIFICADO,PRIVADO,RURAL,ABIERTA,MONOLINGUE,VESPERTINA,DIARIO(REGULAR),IZABAL
18-02-0379-46,18-017,IZABAL,LIVINGSTON,"COLEGIO PARTICULAR MIXTO BILINGÚE ""SAN FELIPE IZABAL""",ALDEA SAN FELIPE DE LARA,58259443,RUBEN ALFREDO MAZARIEGOS VASQUEZ,LIDIA ROSELIA CHOC DE DIAZ,DIVERSIFICADO,PRIVADO,RURAL,ABIERTA,MONOLINGUE,MATUTINA,DIARIO(REGULAR),IZABAL
18-02-0382-46,18-017,IZABAL,LIVINGSTON,COLEGIO PARTICULAR MIXTO MUNDO JUVENIL,"BARRIO SAN MIGUEL, ALDEA FRONTERAS, RIO DULCE",79305318,RUBEN ALFREDO MAZARIEGOS VASQUEZ,RAFAEL ELVIN RETANA,DIVERSIFICADO,PRIVADO,RURAL,ABIERTA,MONOLINGUE,NOCTURNA,DIARIO(REGULAR),IZABAL
18-02-0383-46,18-017,IZABAL,LIVINGSTON,COLEGIO PARTICULAR MIXTO MUNDO JUVENIL,"BARRIO SAN MIGUEL, ALDEA FRONTERAS, RIO DULCE",79305318,RUBEN ALFREDO MAZARIEGOS VASQUEZ,RAFAEL ELVIN RETANA,DIVERSIFICADO,PRIVADO,RURAL,ABIERTA,MONOLINGUE,NOCTURNA,DIARIO(REGULAR),IZABAL
18-02-0389-46,18-027,IZABAL,LIVINGSTON,"INSTITUTO PRIVADO MIXTO ""HERMANO PEDRO DE BETANCUR""",ALDEA LOS ANGELES,5388633,OSCAR LEONEL FELIPE,MARIA SOAR RAMIREZ GUTIERREZ,DIVERSIFICADO,PRIVADO,RURAL,ABIERTA,MONOLINGUE,VESPERTINA,DIARIO(REGULAR),IZABAL
18-02-0390-46,18-009,IZABAL,LIVINGSTON,"COLEGIO PARTICULAR MIXTO EVANGELICO ""NAZARENO""",ALDEA SAN ANTONIO SEJA,30689874,RUBEN ALFREDO MAZARIEGOS VASQUEZ,MILDER DANIEL GARCIA MANCILLA,DIVERSIFICADO,PRIVADO,RURAL,ABIERTA,MONOLINGUE,VESPERTINA,DIARIO(REGULAR),IZABAL
18-02-2388-46,18-017,IZABAL,LIVINGSTON,COLEGIO DE EDUCACION BASICA Y DIVERSIFICADA EN ESTUDIOS COMERCIALES CON ORIENTACION EN COMPUTACION Y TURISMO NUEVO AMANECER,ALDEA FRONTERAS RIO DULCE,40653460,RUBEN ALFREDO MAZARIEGOS VASQUEZ,JUAN BASILIO HERNÁNDEZ ESCOBAR,DIVERSIFICADO,PRIVADO,RURAL,ABIERTA,MONOLINGUE,VESPERTINA,DIARIO(REGULAR),IZABAL
18-02-2576-46,18-011,IZABAL,LIVINGSTON,INSTITUTO DE EDUCACION BASICA Y DIVERSIFICADO DE BACHILLERATO EN CIENCIAS Y LETRAS POR MADUREZ (INBACH),CALLE DE LA IGLESIA,42129124,JUAN OSVALDO ESTERO MARTINEZ,RUDY ARCIDES RAMIREZ CAYETANO,DIVERSIFICADO,PRIVADO,URBANA,ABIERTA,MONOLINGUE,DOBLE,FIN DE SEMANA,IZABAL
18-02-2809-46,18-007,IZABAL,LIVINGSTON,INSTITUTO DE DIVERSIFICADO POR COOPERATIVA,BARRIO MINERVA,,CYNTHIA AZUCELLY BARRIENTOS LOPEZ,,DIVERSIFICADO,COOPERATIVA,URBANA,CERRADA TEMPORALMENTE,MONOLINGUE,VESPERTINA,DIARIO(REGULAR),IZABAL
18-02-2916-46,18-011,IZABAL,LIVINGSTON,INSTITUTO PARTICULAR MIXTO AK TENAMIT PUEBLO NUEVO,ALDEA BARRA LAMPARA,59484610,JUAN OSVALDO ESTERO MARTINEZ,CARLOS RAFAEL QUIM XOL,DIVERSIFICADO,PRIVADO,RURAL,ABIERTA,MONOLINGUE,DOBLE,DIARIO(REGULAR),IZABAL
18-02-3077-46,18-017,IZABAL,LIVINGSTON,INSTITUTO PRIVADO DE EDUCACION BASICA Y DIVERSIFICADA BUENOS AIRES,ALDEA SAN ANTONIO SEJA,45899054,RUBEN ALFREDO MAZARIEGOS VASQUEZ,WENDY ARACELY COLINDRES GUTIERREZ,DIVERSIFICADO,PRIVADO,RURAL,ABIERTA,MONOLINGUE,VESPERTINA,DIARIO(REGULAR),IZABAL
18-02-3213-46,18-017,IZABAL,LIVINGSTON,COLEGIO DE EDUCACION BASICA Y DIVERSIFICADA EN ESTUDIOS COMERCIALES CON ORIENTACION EN COMPUTACION Y TURISMO NUEVO AMANECER,ALDEA FRONTERAS RIO DULCE,40653460,RUBEN ALFREDO MAZARIEGOS VASQUEZ,JUAN BASILIO HERNÁNDEZ ESCOBAR,DIVERSIFICADO,PRIVADO,RURAL,ABIERTA,MONOLINGUE,DOBLE,FIN DE SEMANA,IZABAL
18-03-0106-46,18-020,IZABAL,EL ESTOR,"CENTRO EDUCATIVO COMUNITARIO ""ANTONIO POP CAAL""",ALDEA CHICHIPATE,49471171,SILVERIO CHITOP CABRERA,ROLANDO ASIG CUZ,DIVERSIFICADO,PRIVADO,RURAL,ABIERTA,MONOLINGUE,DOBLE,DIARIO(REGULAR),IZABAL
18-03-0119-46,18-020,IZABAL,EL ESTOR,INSTITUTO NACIONAL DE EDUCACION DIVERSIFICADA,ALDEA CHICHIPATE,49087191,SILVERIO CHITOP CABRERA,VICTORIANO TEMU ORDOÑEZ,DIVERSIFICADO,OFICIAL,RURAL,ABIERTA,MONOLINGUE,VESPERTINA,DIARIO(REGULAR),IZABAL
18-03-0120-46,18-020,IZABAL,EL ESTOR,INSTITUTO NACIONAL DE EDUCACION DIVERSIFICADA LICENCIADO JULIO ANTONIO DE LEON SOSA,5A. AVENIDA 3-79 ZONA 1,79497589,SILVERIO CHITOP CABRERA,NOEL ARMANDO BARRIENTOS REY,DIVERSIFICADO,OFICIAL,RURAL,ABIERTA,MONOLINGUE,VESPERTINA,DIARIO(REGULAR),IZABAL
18-03-0234-46,18-020,IZABAL,EL ESTOR,INSTITUTO PRIVADO MIXTO DE FORMACION MAGISTERIAL CON ORIENTACION BILINGÜE (Q EQCHI),CABECERA MUNICIPAL,49404362,SILVERIO CHITOP CABRERA,JOSE JOEL LORENZO FLORES,DIVERSIFICADO,PRIVADO,URBANA,ABIERTA,MONOLINGUE,DOBLE,FIN DE SEMANA,IZABAL
18-03-0246-46,,IZABAL,EL ESTOR,INSTITUTO PRIVADO MIXTO DE EDUCACION DIVERSIFICADA 'PERITO CONTADOR' JN,EL ESTOR,,,,DIVERSIFICADO,PRIVADO,URBANA,CERRADA TEMPORALMENTE,MONOLINGUE,NOCTURNA,DIARIO(REGULAR),IZABAL
18-03-0252-46,18-021,IZABAL,EL ESTOR,"INSTITUTO PARTICULAR MIXTO ""MADRE MIRIAM SIMON""","6A. AVENIDA Y 6A. CALLE, ZONA 1",79497223,MIGUEL ANGEL GONZALEZ LEMUS,JUAN CARLOS SANTOS PIVARAL,DIVERSIFICADO,PRIVADO,URBANA,ABIERTA,MONOLINGUE,MATUTINA,DIARIO(REGULAR),IZABAL
18-03-0285-46,18-012,IZABAL,EL ESTOR,INSTITUTO NACIONAL DE EDUCACION DIVERSIFICADA,ALDEA SEPUR ZARCO,79480009,RAQUEL MAZARIEGOS GARCIA,SIN DIRECTOR,DIVERSIFICADO,OFICIAL,RURAL,ABIERTA,MONOLINGUE,VESPERTINA,DIARIO(REGULAR),IZABAL
18-03-2454-46,18-020,IZABAL,EL ESTOR,INSTITUTO PRIVADO MIXTO DE FORMACION MAGISTERIAL CON ORIENTACION BILINGUE (Q EQCHI),CABECERA MUNICIPAL,51745681,SILVERIO CHITOP CABRERA,JOSE JOEL LORENZO FLORES,DIVERSIFICADO,PRIVADO,URBANA,ABIERTA,MONOLINGUE,VESPERTINA,DIARIO(REGULAR),IZABAL
18-03-2455-46,18-020,IZABAL,EL ESTOR,COLEGIO PRIVADO MIXTO DE EDUC. BASICA Y BACH. POR MADUREZ PAULO FREIRE,1A. AVENIDAY 5A. CALLE ZONA 1,48989011,SILVERIO CHITOP CABRERA,RAQUEL MAZARIEGOS GARCIA,DIVERSIFICADO,PRIVADO,URBANA,ABIERTA,MONOLINGUE,DOBLE,FIN DE SEMANA,IZABAL
18-03-2527-46,18-011,IZABAL,EL ESTOR,LIC. GERARD ANTHONY ALLEN ROWE,"BARRIO SAN JORGE, EL ESTOR IZABAL",,JUAN OSVALDO ESTERO MARTINEZ,,DIVERSIFICADO,COOPERATIVA,URBANA,CERRADA TEMPORALMENTE,MONOLINGUE,VESPERTINA,DIARIO(REGULAR),IZABAL
18-03-2749-46,18-021,IZABAL,EL ESTOR,ESCUELA NORMAL BILINGÜE INTERCULTURAL TZOLEB AAL TIJONEL Q EQCHI OXIB KEJ,BARRIO SAN JORGE,79497500-78209540,MIGUEL ANGEL GONZALEZ LEMUS,GUSTAVO TZIBOY CHOC,DIVERSIFICADO,OFICIAL,URBANA,ABIERTA,BILINGUE,DOBLE,DIARIO(REGULAR),IZABAL
18-03-3165-46,18-021,IZABAL,EL ESTOR,LICEO VOCACIONAL COACTEMALAN,BARRIO LA COROZA,79497240,MIGUEL ANGEL GONZALEZ LEMUS,OLGA MARIELA VILLAVICENCIO DE LA ROSA,DIVERSIFICADO,PRIVADO,URBANA,ABIERTA,MONOLINGUE,VESPERTINA,DIARIO(REGULAR),IZABAL
18-04-0010-46,18-030,IZABAL,MORALES,"CENTRO EDUCATIVO ""EMANUEL""","INTERIOR INEB FRANCISCO MARROQUÍN, AVENIDA VICENTE COZZA",59965744,MARTA JULIA OVANDO SALGUERO,LUIS ALBERTO ACEITUNO QUEZADA,DIVERSIFICADO,PRIVADO,URBANA,ABIERTA,MONOLINGUE,DOBLE,FIN DE SEMANA,IZABAL
18-04-0016-46,18-030,IZABAL,MORALES,"COLEGIO PARTICULAR MIXTO ""MINERVA""",ALDEA PLAYITAS,31089418-53230377,MARTA JULIA OVANDO SALGUERO,KELVIN RODRIGO HERNANDEZ MARTINEZ,DIVERSIFICADO,PRIVADO,RURAL,ABIERTA,MONOLINGUE,VESPERTINA,DIARIO(REGULAR),IZABAL
18-04-0017-46,18-033,IZABAL,MORALES,"COLEGIO PARTICULAR MIXTO ""MINERVA""",ALDEA PLAYITAS,,BLANCA DINA RIVAS LOYO DE SANTIAGO,KATHERINE YANINA GALEANO ARCHILA,DIVERSIFICADO,PRIVADO,URBANA,CERRADA TEMPORALMENTE,MONOLINGUE,DOBLE,FIN DE SEMANA,IZABAL
18-04-0076-46,18-030,IZABAL,MORALES,"LICEO FORMACION BASICA Y PROFESIONAL ""LATINOAMERICANO""",BARRIO LAS FLORES,50529699,MARTA JULIA OVANDO SALGUERO,KARLA JOHANNA SANABRIA CASTAÑEDA,DIVERSIFICADO,PRIVADO,URBANA,ABIERTA,MONOLINGUE,DOBLE,FIN DE SEMANA,IZABAL
18-04-0077-46,18-030,IZABAL,MORALES,"LICEO DE FORMACION BASICA Y PROFESIONAL ""LATINOAMERICANO""",BARRIO LAS FLORES,50529699,MARTA JULIA OVANDO SALGUERO,KARLA JOHANNA SANABRIA CASTAÑEDA,DIVERSIFICADO,PRIVADO,URBANA,ABIERTA,MONOLINGUE,DOBLE,FIN DE SEMANA,IZABAL
18-04-0081-46,18-030,IZABAL,MORALES,"CENTRO EDUCATIVO PRIVADO ""YATZAR NURIM""",BARRIO EL REMOLINO,79479521,MARTA JULIA OVANDO SALGUERO,OSMAR GIOVANY ORTEGA CASTRO,DIVERSIFICADO,PRIVADO,URBANA,ABIERTA,MONOLINGUE,VESPERTINA,DIARIO(REGULAR),IZABAL
18-04-0083-46,18-030,IZABAL,MORALES,"CENTRO EDUCATIVO PRIVADO ""YATZAR NURIM""",BARRIO EL REMOLINO,79479521,MARTA JULIA OVANDO SALGUERO,MELVIN DAGOBERTO PAZ SAMAYOA,DIVERSIFICADO,PRIVADO,URBANA,ABIERTA,MONOLINGUE,DOBLE,FIN DE SEMANA,IZABAL
18-04-0086-46,18-030,IZABAL,MORALES,INSTITUTO NACIONAL DE EDUCACION DIVERSIFICADA LICDA. IRMA CONSUELO ALVARADO MOSCOSO DE LOPEZ,ALDEA GUAYTAN,59265758,MARTA JULIA OVANDO SALGUERO,IVONE KARINA LEAL ARRIAZA,DIVERSIFICADO,OFICIAL,RURAL,ABIERTA,MONOLINGUE,VESPERTINA,DIARIO(REGULAR),IZABAL
18-04-0087-46,18-030,IZABAL,MORALES,INSTITUTO NACIONAL DE EDUCACION DIVERSIFICADA,AVENIDA VICENTE COZZA,79477001,MARTA JULIA OVANDO SALGUERO,MARCO AURELIO DIAZ CORDOVA,DIVERSIFICADO,OFICIAL,URBANA,ABIERTA,MONOLINGUE,VESPERTINA,DIARIO(REGULAR),IZABAL
18-04-0100-46,18-030,IZABAL,MORALES,INSTITUTO NACIONAL DE EDUCACION DIVERSIFICADA,ALDEA RIO NEGRO,46975811,MARTA JULIA OVANDO SALGUERO,IRIS MARLENI NORMANNS MORALES,DIVERSIFICADO,OFICIAL,RURAL,ABIERTA,MONOLINGUE,VESPERTINA,DIARIO(REGULAR),IZABAL
18-04-0108-46,18-030,IZABAL,MORALES,"INSTITUTO PRIVADO MIXTO ""EL MAESTRO AMIGO""",ALDEA RIO NEGRO,40465929,MARTA JULIA OVANDO SALGUERO,DARWIN ENRIQUE ALVAREZ MORAN,DIVERSIFICADO,PRIVADO,RURAL,ABIERTA,MONOLINGUE,VESPERTINA,DIARIO(REGULAR),IZABAL
18-04-0118-46,18-030,IZABAL,MORALES,INSTITUTO NACIONAL DE EDUCACION DIVERSIFICADA,ALDEA PLAYITAS,30976728,MARTA JULIA OVANDO SALGUERO,SERGIO WENCESLAO GALEANO MONROY,DIVERSIFICADO,OFICIAL,RURAL,ABIERTA,MONOLINGUE,VESPERTINA,DIARIO(REGULAR),IZABAL
18-04-0124-46,18-033,IZABAL,MORALES,LICEO DE CIENCIA Y TECNOLOGIA,BARRIO MODERNO,,BLANCA DINA RIVAS LOYO DE SANTIAGO,SANDRA CONSUELO CATALAN CASASOLA,DIVERSIFICADO,PRIVADO,URBANA,CERRADA TEMPORALMENTE,MONOLINGUE,MATUTINA,DIARIO(REGULAR),IZABAL
18-04-0126-46,18-033,IZABAL,MORALES,LICEO DE CIENCIA Y TECNOLOGIA,BARRIO MODERNO,79489525,BLANCA DINA RIVAS LOYO DE SANTIAGO,SANDRA CONSUELO CATALAN CASASOLA,DIVERSIFICADO,PRIVADO,URBANA,CERRADA TEMPORALMENTE,MONOLINGUE,VESPERTINA,DIARIO(REGULAR),IZABAL
18-04-0128-46,18-033,IZABAL,MORALES,LICEO DE CIENCIA Y TECNOLOGIA,BARRIO MODERNO,79480009,BLANCA DINA RIVAS LOYO DE SANTIAGO,SANDRA CONSUELO CATALAN CASASOLA,DIVERSIFICADO,PRIVADO,URBANA,CERRADA TEMPORALMENTE,MONOLINGUE,DOBLE,FIN DE SEMANA,IZABAL
18-04-0130-46,18-030,IZABAL,MORALES,"LICEO CRISTIANO BILINGUE ""MANANTIAL DE VIDA""",BARRIO BANANERA,79479322,MARTA JULIA OVANDO SALGUERO,ESVIN LEONEL MORALES RAMIREZ,DIVERSIFICADO,PRIVADO,URBANA,ABIERTA,MONOLINGUE,DOBLE,DIARIO(REGULAR),IZABAL
18-04-0131-46,18-030,IZABAL,MORALES,"CENTRO EDUCATIVO ""EMANUEL""","INTERIOR INEB FRANCISCO MARROQUÍN, AVENIDA VICENTE COZZA",59965744,MARTA JULIA OVANDO SALGUERO,LUIS ALBERTO ACEITUNO QUEZADA,DIVERSIFICADO,PRIVADO,URBANA,ABIERTA,MONOLINGUE,DOBLE,FIN DE SEMANA,IZABAL
18-04-0137-46,18-030,IZABAL,MORALES,"CENTRO EDUCATIVO ""MAYA SYSTEMS""",ALDEA LOS ANDES,53626154,MARTA JULIA OVANDO SALGUERO,MAJIB JHESSIELL YADZDIE WADY JOZ LANDAVERRY VASQUEZ,DIVERSIFICADO,PRIVADO,RURAL,ABIERTA,MONOLINGUE,VESPERTINA,DIARIO(REGULAR),IZABAL
18-04-0138-46,18-030,IZABAL,MORALES,CENTRO EDUCATIVO MAYA SYSTEMS,ALDEA LOS ANDES,53626154,MARTA JULIA OVANDO SALGUERO,MAJIB JHESSIELL YADZDIE WADY JOZ LANDAVERRY VASQUEZ,DIVERSIFICADO,PRIVADO,RURAL,ABIERTA,MONOLINGUE,DOBLE,FIN DE SEMANA,IZABAL
18-04-0142-46,18-030,IZABAL,MORALES,LICEO TECNICO HERMANO PEDRO,BARRIO MILLA 37,40960621,MARTA JULIA OVANDO SALGUERO,ABEL MADRID LEIVA,DIVERSIFICADO,PRIVADO,URBANA,ABIERTA,MONOLINGUE,DOBLE,FIN DE SEMANA,IZABAL
18-04-0149-46,18-030,IZABAL,MORALES,INSTITUTO PRIVADO MIXTO ELITE,BARRIO EL MITCHAL,56968070,MARTA JULIA OVANDO SALGUERO,AMED BENJAMIN ROSSILL BARRIENTOS,DIVERSIFICADO,PRIVADO,URBANA,ABIERTA,MONOLINGUE,DOBLE,FIN DE SEMANA,IZABAL
18-04-0150-46,18-030,IZABAL,MORALES,INSTITUTO PRIVADO MIXTO ELITE,BARRIO EL MITCHAL,56968070,MARTA JULIA OVANDO SALGUERO,AMED BENJAMIN ROSSILL BARRIENTOS,DIVERSIFICADO,PRIVADO,URBANA,ABIERTA,MONOLINGUE,DOBLE,FIN DE SEMANA,IZABAL
18-04-0154-46,18-033,IZABAL,MORALES,INSTITUTO MUNICIPAL DE EDUCACION BASICA Y DIVERSIFICADA,BARRIO LAS FLORES,46053272,BLANCA DINA RIVAS LOYO DE SANTIAGO,MAYNOR ANIBAL CASTRO PAIZ,DIVERSIFICADO,MUNICIPAL,RURAL,CERRADA TEMPORALMENTE,MONOLINGUE,VESPERTINA,DIARIO(REGULAR),IZABAL
18-04-0170-46,18-030,IZABAL,MORALES,COLEGIO PARTICULAR MIXTO MINERVA,ALDEA PLAYITAS,31089418,MARTA JULIA OVANDO SALGUERO,KATHERINE YANINA GALEANO ARCHILA,DIVERSIFICADO,PRIVADO,RURAL,ABIERTA,MONOLINGUE,DOBLE,DIARIO(REGULAR),IZABAL
18-04-0174-46,18-030,IZABAL,MORALES,LICEO ALVAREZ OVALLE,BARRIO LOS CASTRO,79476691,MARTA JULIA OVANDO SALGUERO,WENDI MADAI CARTAGENA SANCHEZ DE LOPEZ,DIVERSIFICADO,PRIVADO,URBANA,ABIERTA,MONOLINGUE,DOBLE,FIN DE SEMANA,IZABAL
18-04-0176-46,18-030,IZABAL,MORALES,LICEO ALVAREZ OVALLE,BARRIO LOS CASTRO,57362216-79476691,MARTA JULIA OVANDO SALGUERO,WENDI MADAI CARTAGENA SANCHEZ DE LOPEZ,DIVERSIFICADO,PRIVADO,URBANA,ABIERTA,MONOLINGUE,VESPERTINA,DIARIO(REGULAR),IZABAL
18-04-0177-46,18-030,IZABAL,MORALES,LICEO ALVAREZ OVALLE,BARRIO LOS CASTRO,57362216-79476691,MARTA JULIA OVANDO SALGUERO,WENDI MADAI CARTAGENA SANCHEZ DE LOPEZ,DIVERSIFICADO,PRIVADO,URBANA,ABIERTA,MONOLINGUE,DOBLE,FIN DE SEMANA,IZABAL
18-04-0182-46,18-033,IZABAL,MORALES,LICEO DE CIENCIA Y TECNOLOGIA,BARRIO MODERNO,79489525,BLANCA DINA RIVAS LOYO DE SANTIAGO,JOSE SANTOS RAMIREZ LOPEZ,DIVERSIFICADO,PRIVADO,URBANA,CERRADA TEMPORALMENTE,MONOLINGUE,DOBLE,FIN DE SEMANA,IZABAL
18-04-0185-46,18-030,IZABAL,MORALES,INSTITUTO NACIONAL DE EDUCACION DIVERSIFICADA -INED-,ALDEA RIO BLANCO,47941234,MARTA JULIA OVANDO SALGUERO,ASTRID SUCELY DE LEON ZUNIGA,DIVERSIFICADO,OFICIAL,RURAL,ABIERTA,MONOLINGUE,MATUTINA,DIARIO(REGULAR),IZABAL
18-04-0193-46,18-033,IZABAL,MORALES,LICEO IZABAL,BARRIO EL CARRIZAL,79478332,BLANCA DINA RIVAS LOYO DE SANTIAGO,MARIA EUGENIA MOLINA ALDANA DE PAIZ,DIVERSIFICADO,PRIVADO,URBANA,CERRADA TEMPORALMENTE,MONOLINGUE,NOCTURNA,DIARIO(REGULAR),IZABAL
18-04-0194-46,18-030,IZABAL,MORALES,LICEO IZABAL,BARRIO EL CARRIZAL,79478332,MARTA JULIA OVANDO SALGUERO,MARIA EUGENIA MOLINA ALDANA DE PAIZ,DIVERSIFICADO,PRIVADO,URBANA,ABIERTA,MONOLINGUE,DOBLE,FIN DE SEMANA,IZABAL
18-04-0195-46,18-030,IZABAL,MORALES,LICEO IZABAL,BARRIO EL CARRIZAL,79478332,MARTA JULIA OVANDO SALGUERO,MARIA EUGENIA MOLINA ALDANA DE PAIZ,DIVERSIFICADO,PRIVADO,URBANA,ABIERTA,MONOLINGUE,DOBLE,FIN DE SEMANA,IZABAL
18-04-0196-46,18-030,IZABAL,MORALES,"INED TECNICO MORALENSE, ITM",COLONIA SANTA BARBARA,79489423,MARTA JULIA OVANDO SALGUERO,LUCIANO DE JESUS POLANCO,DIVERSIFICADO,OFICIAL,URBANA,ABIERTA,MONOLINGUE,DOBLE,DIARIO(REGULAR),IZABAL
18-04-0198-46,18-033,IZABAL,MORALES,"INSTITUTO PARTICULAR MIXTO DE EDUCACION DIVERSIFICADA ""LANQUIN I""",FINCA LANQUIN I,,BLANCA DINA RIVAS LOYO DE SANTIAGO,ROELY OBED CRUZ PEREZ,DIVERSIFICADO,PRIVADO,RURAL,CERRADA TEMPORALMENTE,MONOLINGUE,NOCTURNA,DIARIO(REGULAR),IZABAL
18-04-0199-46,18-030,IZABAL,MORALES,INSTITUTO NACIONAL DE EDUCACION DIVERSIFICADA -INED-,BARRIO LAS FLORES,79480009,MARTA JULIA OVANDO SALGUERO,---,DIVERSIFICADO,OFICIAL,URBANA,ABIERTA,MONOLINGUE,VESPERTINA,DIARIO(REGULAR),IZABAL
18-04-0204-46,18-030,IZABAL,MORALES,"INSTITUTO PRIVADO MIXTO ""JOSÉ CECILIO DEL VALLE""",ALDEA PLAYITAS,31826809,MARTA JULIA OVANDO SALGUERO,VICTOR MANUEL BONILLA MARROQUÍN,DIVERSIFICADO,PRIVADO,RURAL,ABIERTA,MONOLINGUE,DOBLE,FIN DE SEMANA,IZABAL
18-04-0205-46,18-030,IZABAL,MORALES,"INSTITUTO PRIVADO MIXTO ""JOSÉ CECILIO DEL VALLE""",ALDEA PLAYITAS,31826809,MARTA JULIA OVANDO SALGUERO,VICTOR MANUEL BONILLA MARROQUÍN,DIVERSIFICADO,PRIVADO,RURAL,ABIERTA,MONOLINGUE,DOBLE,FIN DE SEMANA,IZABAL
18-04-0208-46,18-030,IZABAL,MORALES,COLEGIO PRIVADO MIXTO BETHEZDA,ALDEA CAYUGA.,48744101,MARTA JULIA OVANDO SALGUERO,MARCO VINICIO FRANCO MORALES,DIVERSIFICADO,PRIVADO,RURAL,ABIERTA,MONOLINGUE,DOBLE,FIN DE SEMANA,IZABAL
18-04-0209-46,18-030,IZABAL,MORALES,COLEGIO PRIVADO MIXTO BETHEZDA,ALDEA CAYUGA,48744101,MARTA JULIA OVANDO SALGUERO,EDITH MARIOLIS PINEDA CALDERÓN DE RUIZ,DIVERSIFICADO,PRIVADO,RURAL,ABIERTA,MONOLINGUE,DOBLE,FIN DE SEMANA,IZABAL
18-04-0212-46,18-030,IZABAL,MORALES,"LICEO EDUCACIONAL PRIVADO MIXTO INTERACTIVO ""LEMI""",ALDEA TENEDORES,49572679,MARTA JULIA OVANDO SALGUERO,CLAUDIA MARÍA AGUIRRE,DIVERSIFICADO,PRIVADO,RURAL,ABIERTA,MONOLINGUE,VESPERTINA,DIARIO(REGULAR),IZABAL
18-04-0213-46,18-030,IZABAL,MORALES,"CENTRO EDUCATIVO PRIVADO ""YATZAR NURIM""",BARRIO EL REMOLINO,79479521,MARTA JULIA OVANDO SALGUERO,OSMAR GIOVANY ORTEGA CASTRO,DIVERSIFICADO,PRIVADO,URBANA,ABIERTA,MONOLINGUE,DOBLE,DIARIO(REGULAR),IZABAL
18-04-0214-46,18-030,IZABAL,MORALES,"CENTRO EDUCATIVO PRIVADO ""YATZAR NURIM""",BARRIO EL REMOLINO,79479521,MARTA JULIA OVANDO SALGUERO,OSMAR GIOVANY ORTEGA CASTRO,DIVERSIFICADO,PRIVADO,URBANA,ABIERTA,MONOLINGUE,DOBLE,FIN DE SEMANA,IZABAL
18-04-0218-46,18-030,IZABAL,MORALES,LICEO IZABAL,BARRIO EL CARRIZAL,79478332,MARTA JULIA OVANDO SALGUERO,MARIA EUGENIA MOLINA ALDANA,DIVERSIFICADO,PRIVADO,URBANA,ABIERTA,MONOLINGUE,DOBLE,FIN DE SEMANA,IZABAL
18-04-0223-46,18-030,IZABAL,MORALES,"LICEO TECNICO VOCACIONAL ""HARVARD DE GUATEMALA""",ALDEA ONEIDA,79487410,MARTA JULIA OVANDO SALGUERO,MILNER ARELI MONTUFAR BARDALES,DIVERSIFICADO,PRIVADO,RURAL,ABIERTA,MONOLINGUE,DOBLE,FIN DE SEMANA,IZABAL
18-04-0224-46,18-030,IZABAL,MORALES,INSTITUTO NACIONAL DE EDUCACION DIVERSIFICADA,ALDEA SAN FRANCISCO MILLA 45,45256003,MARTA JULIA OVANDO SALGUERO,ELDER ONYLL GONZALEZ LOPEZ,DIVERSIFICADO,OFICIAL,RURAL,ABIERTA,MONOLINGUE,VESPERTINA,DIARIO(REGULAR),IZABAL
18-04-0228-46,18-030,IZABAL,MORALES,"LICEO ""ALVAREZ OVALLE""",BARRIOS LOS CASTRO,57362216-79476691,MARTA JULIA OVANDO SALGUERO,WENDI MADAI CARTAGENA SANCHEZ DE LOPEZ,DIVERSIFICADO,PRIVADO,URBANA,ABIERTA,MONOLINGUE,DOBLE,FIN DE SEMANA,IZABAL
18-04-0231-46,18-030,IZABAL,MORALES,"COLEGIO PRIVADO MIXTO ""SAN JOSE""",COLONIA VILLAS DEL ROSARIO,59683248,MARTA JULIA OVANDO SALGUERO,AMED BENJAMIN ROSSILL BARRIENTOS,DIVERSIFICADO,PRIVADO,URBANA,ABIERTA,MONOLINGUE,MATUTINA,DIARIO(REGULAR),IZABAL
18-04-0232-46,18-033,IZABAL,MORALES,"COLEGIO PRIVADO MIXTO ""SAN JOSE""",COLONIA VILLAS DEL ROSARIO,59683248,BLANCA DINA RIVAS LOYO DE SANTIAGO,AMED BENJAMIN ROSSILL BARRIENTOS,DIVERSIFICADO,PRIVADO,URBANA,CERRADA TEMPORALMENTE,MONOLINGUE,VESPERTINA,DIARIO(REGULAR),IZABAL
18-04-0234-46,18-030,IZABAL,MORALES,"COLEGIO PRIVADO MIXTO ""BETHEZDA""",ALDEA CAYUGA,57006014,MARTA JULIA OVANDO SALGUERO,MARCO VINICIO FRANCO MORALES,DIVERSIFICADO,PRIVADO,RURAL,ABIERTA,MONOLINGUE,VESPERTINA,DIARIO(REGULAR),IZABAL
18-04-0236-46,18-033,IZABAL,MORALES,INSTITUTO PRIVADO MIXTO DR. JUAN JOSE AREVALO BERMEJO,BARRIO LA ESTACION,79478238,BLANCA DINA RIVAS LOYO DE SANTIAGO,JOSE GUILLERMO MORALES SILVA,DIVERSIFICADO,PRIVADO,URBANA,CERRADA TEMPORALMENTE,MONOLINGUE,DOBLE,FIN DE SEMANA,IZABAL
18-04-0241-46,18-030,IZABAL,MORALES,INSTITUTO PRIVADO MIXTO DR. JUAN JOSE AREVALO BERMEJO,ALDEA LAS JARAS,79478238,MARTA JULIA OVANDO SALGUERO,JOSE GUILLERMO MORALES MOSCOSO,DIVERSIFICADO,PRIVADO,RURAL,ABIERTA,MONOLINGUE,DOBLE,FIN DE SEMANA,IZABAL
18-04-0246-46,18-030,IZABAL,MORALES,"""LICEO EDUCACIONAL MIXTO DEI VERBUM""",ALDEA SAN ISIDRO EL CHOCO,53660792-55969273,MARTA JULIA OVANDO SALGUERO,KARLA MARISOL PIVARAL PEREZ,DIVERSIFICADO,PRIVADO,RURAL,ABIERTA,MONOLINGUE,DOBLE,FIN DE SEMANA,IZABAL
18-04-0373-46,18-030,IZABAL,MORALES,ESCUELA DE CIENCIAS COMERCIALES FRANCISCO MARROQUIN,AVENIDA VICENTE COZZA,79477001,MARTA JULIA OVANDO SALGUERO,MARCO AURELIO DIAZ CORDOVA,DIVERSIFICADO,OFICIAL,URBANA,ABIERTA,MONOLINGUE,VESPERTINA,DIARIO(REGULAR),IZABAL
18-04-0376-46,18-030,IZABAL,MORALES,INSTITUTO PRIVADO MIXTO DR. JUAN JOSE AREVALO BERMEJO,MORALES,79478238,MARTA JULIA OVANDO SALGUERO,JOSE GUILLERMO MORALES SILVA,DIVERSIFICADO,PRIVADO,URBANA,ABIERTA,MONOLINGUE,VESPERTINA,DIARIO(REGULAR),IZABAL
18-04-0377-46,18-030,IZABAL,MORALES,"INSTITUTO PARTICULAR MIXTO DE EDUCACION BASICA Y DIVERSIFICADA ""DR. PEDRO MOLINA""",BARRIO EL CARRIZAL,79477890,MARTA JULIA OVANDO SALGUERO,PEM MIRIAM YOLANDA MORALES GÁLVEZ,DIVERSIFICADO,PRIVADO,URBANA,ABIERTA,MONOLINGUE,VESPERTINA,DIARIO(REGULAR),IZABAL
18-04-0380-46,18-030,IZABAL,MORALES,"""LICEO EDUCACIONAL MIXTO DEI VERBUM""",ALDEA SAN ISIDRO EL CHOCO,53660792-55969273,MARTA JULIA OVANDO SALGUERO,KARLA MARISOL PIVARAL PEREZ,DIVERSIFICADO,PRIVADO,RURAL,ABIERTA,MONOLINGUE,DOBLE,FIN DE SEMANA,IZABAL
18-04-0382-46,18-029,IZABAL,MORALES,"COLEGIO PRIVADO MIXTO VOCACIONAL ""MONTEMARIA""",ALDEA EL ROSARIO,55503911,HENRY FLOWERS EVANS,MANUEL SALVADOR PINTO CABRERA,DIVERSIFICADO,PRIVADO,RURAL,ABIERTA,MONOLINGUE,DOBLE,FIN DE SEMANA,IZABAL
18-04-0383-46,18-030,IZABAL,MORALES,"COLEGIO PRIVADO MIXTO VOCACIONAL ""MONTEMARIA""",ALDEA EL ROSARIO,55503911,MARTA JULIA OVANDO SALGUERO,MANUEL SALVADOR PINTO CABRERA,DIVERSIFICADO,PRIVADO,RURAL,ABIERTA,MONOLINGUE,DOBLE,FIN DE SEMANA,IZABAL
18-04-0384-46,18-030,IZABAL,MORALES,"COLEGIO PRIVADO MIXTO VOCACIONAL ""MONTEMARIA""",ALDEA EL ROSARIO,55503911,MARTA JULIA OVANDO SALGUERO,MANUEL SALVADOR PINTO CABRERA,DIVERSIFICADO,PRIVADO,RURAL,ABIERTA,MONOLINGUE,VESPERTINA,DIARIO(REGULAR),IZABAL
18-04-0389-46,18-030,IZABAL,MORALES,INSTITUTO PRIVADO MIXTO EL MAESTRO AMIGO,ALDEA RIO NEGRO,40465929,MARTA JULIA OVANDO SALGUERO,DARWIN ENRIQUE ALVAREZ MORAN,DIVERSIFICADO,PRIVADO,RURAL,ABIERTA,MONOLINGUE,DOBLE,FIN DE SEMANA,IZABAL
18-04-0390-46,18-030,IZABAL,MORALES,INSTITUTO PARTICULAR MIXTO RAFAEL AREVALO MARTINEZ,CALLE TULIO MARUZO,40911181,MARTA JULIA OVANDO SALGUERO,RENE BARRIENTOS BARRERA,DIVERSIFICADO,PRIVADO,URBANA,ABIERTA,MONOLINGUE,DOBLE,FIN DE SEMANA,IZABAL
18-04-0395-46,18-030,IZABAL,MORALES,INSTITUTO EVANGELICO PARTICULAR MIXTO BAUTISTA,BARRIO EL CARRIZAL,79477790,MARTA JULIA OVANDO SALGUERO,DAVID RAFAEL CASTILLO DE PAZ,DIVERSIFICADO,PRIVADO,URBANA,ABIERTA,MONOLINGUE,VESPERTINA,DIARIO(REGULAR),IZABAL
18-04-0397-46,18-030,IZABAL,MORALES,INED,ALDEA JUYAMA,40118887,MARTA JULIA OVANDO SALGUERO,ADOLFO BENEDICTO GARCIA OVANDO,DIVERSIFICADO,OFICIAL,RURAL,ABIERTA,MONOLINGUE,NOCTURNA,DIARIO(REGULAR),IZABAL
18-04-0400-46,18-030,IZABAL,MORALES,"COLEGIO PRIVADO MIXTO ""JIREH""","COLONIA VILLA DEL ROSARIO, BANANERA",58007990,MARTA JULIA OVANDO SALGUERO,EDGAR ROLANDO MORALES DE PAZ,DIVERSIFICADO,PRIVADO,URBANA,ABIERTA,MONOLINGUE,MATUTINA,DIARIO(REGULAR),IZABAL
18-04-0404-46,18-030,IZABAL,MORALES,INSTITUTO NACIONAL DE EDUCACION DIVERSIFICADA,CALLE TULIO MARUZZO,79478590,MARTA JULIA OVANDO SALGUERO,GLENDA MARIBEL VASQUEZ ENAMORADO DE CORDON,DIVERSIFICADO,OFICIAL,URBANA,ABIERTA,MONOLINGUE,NOCTURNA,DIARIO(REGULAR),IZABAL
18-04-0405-46,18-030,IZABAL,MORALES,"COLEGIO PRIVADO MIXTO ""JIREH""","COLONIA VILLA DEL ROSARIO, BANANERA",40984392,MARTA JULIA OVANDO SALGUERO,KARLA MARITZA GARCIA HERNANDEZ,DIVERSIFICADO,PRIVADO,URBANA,ABIERTA,MONOLINGUE,DOBLE,FIN DE SEMANA,IZABAL
18-04-0406-46,18-030,IZABAL,MORALES,"COLEGIO PRIVADO MIXTO ""JIREH""","COLONIA VILLA DEL ROSARIO, BANANERA",40984392,MARTA JULIA OVANDO SALGUERO,CARLA MARITZA HERNANDEZ GARCIA,DIVERSIFICADO,PRIVADO,URBANA,ABIERTA,MONOLINGUE,DOBLE,FIN DE SEMANA,IZABAL
18-04-0411-46,18-030,IZABAL,MORALES,"INSTITUTO PRIVADO MIXTO ""FUENTE DE VIDA""",ALDEA PLAYITAS,55969273,MARTA JULIA OVANDO SALGUERO,KARLA MARISOL PIVAL PEREZ DE GALVEZ,DIVERSIFICADO,PRIVADO,RURAL,ABIERTA,MONOLINGUE,DOBLE,FIN DE SEMANA,IZABAL
18-04-0412-46,18-030,IZABAL,MORALES,"INSTITUTO PRIVADO MIXTO ""FUENTE DE VIDA""",ALDEA PLAYITAS,55969273,MARTA JULIA OVANDO SALGUERO,KARLA MARISOL PIVARAL PEREZ DE GALVEZ,DIVERSIFICADO,PRIVADO,RURAL,ABIERTA,MONOLINGUE,DOBLE,FIN DE SEMANA,IZABAL
18-04-0414-46,18-030,IZABAL,MORALES,LICEO EUCARISTICO DE LA MERCED,COLONIA VALLE REAL,77566525,MARTA JULIA OVANDO SALGUERO,MAGADALENA ERNESTINA LOPEZ DUARTE,DIVERSIFICADO,PRIVADO,URBANA,ABIERTA,MONOLINGUE,MATUTINA,DIARIO(REGULAR),IZABAL
18-04-0415-46,18-030,IZABAL,MORALES,LICEO EUCARISTICO DE LA MERCED,COLONIA VALLE REAL,79479407-77566525,MARTA JULIA OVANDO SALGUERO,MAGDALENA ERNESTINA LOPEZ DUARTE,DIVERSIFICADO,PRIVADO,URBANA,ABIERTA,MONOLINGUE,VESPERTINA,DIARIO(REGULAR),IZABAL
18-04-0418-46,18-033,IZABAL,MORALES,CENTRO EDUCATIVO MAYA SYSTEMS,ALDEA LOS ANDES,53626154,BLANCA DINA RIVAS LOYO DE SANTIAGO,MAJIB JHESSIEL YAZDIE WADY JOZ LANDAVERRY VASQUEZ,DIVERSIFICADO,PRIVADO,RURAL,CERRADA TEMPORALMENTE,MONOLINGUE,DOBLE,FIN DE SEMANA,IZABAL
18-04-0422-46,18-030,IZABAL,MORALES,"INSTITUTO PRIVADO MIXTO ""CRISTO REY""",ALDEA EL CEDRO,55969273,MARTA JULIA OVANDO SALGUERO,ORVIN RODIMIR GALVEZ MONROY,DIVERSIFICADO,PRIVADO,RURAL,ABIERTA,MONOLINGUE,DOBLE,FIN DE SEMANA,IZABAL
18-04-0423-46,18-030,IZABAL,MORALES,"INSTITUTO PRIVADO MIXTO ""CRISTO REY""",ALDEA EL CEDRO,55969273,MARTA JULIA OVANDO SALGUERO,ORVIN RODIMIR GALVEZ MONROY,DIVERSIFICADO,PRIVADO,RURAL,ABIERTA,MONOLINGUE,DOBLE,FIN DE SEMANA,IZABAL
18-04-0425-46,18-030,IZABAL,MORALES,"INSTITUTO PRIVADO MIXTO ""ELITE""",BARRIO EL MITCHAL,56968070,MARTA JULIA OVANDO SALGUERO,AMED BENJAMIN ROSSILL BARRIENTOS,DIVERSIFICADO,PRIVADO,URBANA,ABIERTA,MONOLINGUE,MATUTINA,DIARIO(REGULAR),IZABAL
18-04-0429-46,18-030,IZABAL,MORALES,"INSTITUTO PARTICULAR MIXTO ""GÉNESIS""",BARRIO EL MITCHAL,49165611,MARTA JULIA OVANDO SALGUERO,NUBAR ENID MOLINEROS ORTEGA,DIVERSIFICADO,PRIVADO,URBANA,ABIERTA,MONOLINGUE,DOBLE,FIN DE SEMANA,IZABAL
18-04-0431-46,18-030,IZABAL,MORALES,"INSTITUTO PARTICULAR MIXTO ""GÉNESIS""",BARRIO EL MITCHAL,49165611,MARTA JULIA OVANDO SALGUERO,NUBAR ENID MOLINEROS ORTEGA,DIVERSIFICADO,PRIVADO,URBANA,ABIERTA,MONOLINGUE,DOBLE,FIN DE SEMANA,IZABAL
18-04-0434-46,18-030,IZABAL,MORALES,INSTITUTO PRIVADO MIXTO SAN JOSE,ALDEA RIO NEGRO,53591094,MARTA JULIA OVANDO SALGUERO,MARVIN OTTONIEL CARDONA RECINOS,DIVERSIFICADO,PRIVADO,RURAL,ABIERTA,MONOLINGUE,DOBLE,FIN DE SEMANA,IZABAL
18-04-0435-46,18-030,IZABAL,MORALES,INSTITUTO PRIVADO MIXTO SAN JOSE,ALDEA RIO NEGRO,53591094,MARTA JULIA OVANDO SALGUERO,MARVIN OTTONIEL CARDONA RECINOS,DIVERSIFICADO,PRIVADO,RURAL,ABIERTA,MONOLINGUE,DOBLE,FIN DE SEMANA,IZABAL
18-04-0441-46,18-030,IZABAL,MORALES,"INSTITUTO PRIVADO MIXTO ""DEJANDO HUELLA""",ALDEA LOS CERRITOS,47401633,MARTA JULIA OVANDO SALGUERO,ADONIA MARISOL LOPEZ GUERRA,DIVERSIFICADO,PRIVADO,RURAL,ABIERTA,MONOLINGUE,DOBLE,FIN DE SEMANA,IZABAL
18-04-0442-46,18-030,IZABAL,MORALES,"INSTITUTO PRIVADO MIXTO ""DEJANDO HUELLA""",ALDEA LOS CERRITOS,47401633,MARTA JULIA OVANDO SALGUERO,ADONIA MARISOL LOPEZ GUERRA,DIVERSIFICADO,PRIVADO,RURAL,ABIERTA,MONOLINGUE,DOBLE,FIN DE SEMANA,IZABAL
18-04-0446-46,18-030,IZABAL,MORALES,"INSTITUTO PRIVADO MIXTO ""JOSE CECILIO DEL VALLE""",ALDEA PLAYITAS,31826809,MARTA JULIA OVANDO SALGUERO,VICTOR MANUEL BONILLA MARROQUIN,DIVERSIFICADO,PRIVADO,RURAL,ABIERTA,MONOLINGUE,VESPERTINA,DIARIO(REGULAR),IZABAL
18-04-0447-46,18-030,IZABAL,MORALES,"INSTITUTO PRIVADO MIXTO ""JOSE CECILIO DEL VALLE""",ALDEA PLAYITAS,31826809,MARTA JULIA OVANDO SALGUERO,VICTOR MANUEL BONILLA MARROQUIN,DIVERSIFICADO,PRIVADO,RURAL,ABIERTA,MONOLINGUE,DOBLE,FIN DE SEMANA,IZABAL
18-04-0448-46,18-030,IZABAL,MORALES,INSTITUTO PARTICULAR MIXTO DE EDUCACION BASICA Y DIVERSIFICADA DR. PEDRO MOLINA,BARRIO EL CARRIZAL,79477890,MARTA JULIA OVANDO SALGUERO,MIRIAM YOLANDA MORALES DE GUZMAN,DIVERSIFICADO,PRIVADO,URBANA,ABIERTA,MONOLINGUE,DOBLE,FIN DE SEMANA,IZABAL
18-04-0449-46,18-030,IZABAL,MORALES,INSTITUTO PARTICULAR MIXTO DE EDUCACION BASICA Y DIVERSIFICADA DR. PEDRO MOLINA,BARRIO EL CARRIZAL,79477890,MARTA JULIA OVANDO SALGUERO,MIRIAM YOLANDA MORALES DE GUZMAN,DIVERSIFICADO,PRIVADO,URBANA,ABIERTA,MONOLINGUE,DOBLE,FIN DE SEMANA,IZABAL
18-04-0454-46,18-030,IZABAL,MORALES,"COLEGIO PRIVADO BILINGÜE ""FUENTE DE VIDA""",ALDEA PLAYITAS,55969273,MARTA JULIA OVANDO SALGUERO,ORVIN RODIMIR GALVEZ MONROY,DIVERSIFICADO,PRIVADO,RURAL,ABIERTA,MONOLINGUE,VESPERTINA,DIARIO(REGULAR),IZABAL
18-04-0458-46,18-030,IZABAL,MORALES,CENTRO DE FORMACION PEDAGOGICA HERMANO PEDRO,BARRIO MILLA 37,40960621,MARTA JULIA OVANDO SALGUERO,ABEL MADRID LEIVA,DIVERSIFICADO,PRIVADO,URBANA,ABIERTA,MONOLINGUE,DOBLE,FIN DE SEMANA,IZABAL
18-04-0459-46,18-030,IZABAL,MORALES,CENTRO DE FORMACION PEDAGOGICA HERMANO PEDRO,BARRIO MILLA 37,40960621,MARTA JULIA OVANDO SALGUERO,ABEL MADRID LEIVA,DIVERSIFICADO,PRIVADO,URBANA,ABIERTA,MONOLINGUE,DOBLE,FIN DE SEMANA,IZABAL
18-04-1983-46,18-030,IZABAL,MORALES,INSTITUTO PARTICULAR MIXTO RAFAEL AREVALO MARTINEZ,CALLE TULIO MARUZZO,40911181,MARTA JULIA OVANDO SALGUERO,RENE BARRIENTOS BARRERA,DIVERSIFICADO,PRIVADO,URBANA,ABIERTA,MONOLINGUE,DOBLE,FIN DE SEMANA,IZABAL
18-04-2302-46,18-033,IZABAL,MORALES,INSTITUTO PARTICULAR MIXTO,ALDEA GRAN CAÑON,,BLANCA DINA RIVAS LOYO DE SANTIAGO,,DIVERSIFICADO,PRIVADO,RURAL,CERRADA TEMPORALMENTE,MONOLINGUE,VESPERTINA,DIARIO(REGULAR),IZABAL
18-04-2433-46,18-030,IZABAL,MORALES,CENTRO EDUCATIVO BILINGÜE DEL MONTE,FINCA BANANERA,79201120,MARTA JULIA OVANDO SALGUERO,LUIS ALBERTO ACEITUNO QUEZADA,DIVERSIFICADO,PRIVADO,URBANA,ABIERTA,MONOLINGUE,DOBLE,DIARIO(REGULAR),IZABAL
18-04-2442-46,18-030,IZABAL,MORALES,INSTITUTO PARTICULAR MIXTO DE EDUCACION BASICA Y DIVERSIFICADA ADS. A COLEGIO BILINGÜE MUNDO INFANTIL,BARRIO NUEVO,79476823,MARTA JULIA OVANDO SALGUERO,SANDRA NINETH GARCIA SANDOVAL,DIVERSIFICADO,PRIVADO,URBANA,ABIERTA,MONOLINGUE,MATUTINA,DIARIO(REGULAR),IZABAL
18-04-2444-46,18-030,IZABAL,MORALES,INSTITUTO PARTICULAR MIXTO DE EDUCACION DIVERSIFICADA PEDRO MOLINA,ALDEA ARAPAHOE,79480009,MARTA JULIA OVANDO SALGUERO,--,DIVERSIFICADO,PRIVADO,RURAL,ABIERTA,MONOLINGUE,NOCTURNA,DIARIO(REGULAR),IZABAL
18-04-2526-46,18-030,IZABAL,MORALES,COLEGIO PRIVADO MIXTO BILINGUE A B C SAN FRANCISCO,BARRIO EL MITCHAL,79478650,MARTA JULIA OVANDO SALGUERO,SERGIO DE PAZ FRANCO,DIVERSIFICADO,PRIVADO,URBANA,ABIERTA,MONOLINGUE,VESPERTINA,DIARIO(REGULAR),IZABAL
18-04-2838-46,18-030,IZABAL,MORALES,INSTITUTO TECNICO MORALENSE ITM,LOTIFICACION SANTA BARBARA,55143008,MARTA JULIA OVANDO SALGUERO,--,DIVERSIFICADO,MUNICIPAL,URBANA,ABIERTA,MONOLINGUE,DOBLE,DIARIO(REGULAR),IZABAL
18-04-3028-46,18-030,IZABAL,MORALES,INSTITUTO PARTICULAR MIXTO RAFAEL AREVALO MARTINEZ,CALLE MARCO TULIO MARUZZO,79480009,MARTA JULIA OVANDO SALGUERO,RENE BARRIENTOS BARRERA,DIVERSIFICADO,PRIVADO,URBANA,ABIERTA,MONOLINGUE,NOCTURNA,DIARIO(REGULAR),IZABAL
18-04-3060-46,18-030,IZABAL,MORALES,INSTITUTO PRIVADO MIXTO DE SUPERACION INTEGRAL EXCELENCIA,BARRIO EL MITCHAL,79476165,MARTA JULIA OVANDO SALGUERO,--,DIVERSIFICADO,PRIVADO,URBANA,ABIERTA,MONOLINGUE,DOBLE,FIN DE SEMANA,IZABAL
18-04-3201-46,18-033,IZABAL,MORALES,COLEGIO PRIVADO MAYA,BARRIO MODERNO,79477132,BLANCA DINA RIVAS LOYO DE SANTIAGO,,DIVERSIFICADO,PRIVADO,URBANA,CERRADA TEMPORALMENTE,MONOLINGUE,VESPERTINA,DIARIO(REGULAR),IZABAL
18-04-3261-46,18-030,IZABAL,MORALES,CENTRO EDUCATIVO MAYA SYSTEMS,ALDEA LOS ANDES,53626154,MARTA JULIA OVANDO SALGUERO,--,DIVERSIFICADO,PRIVADO,RURAL,ABIERTA,MONOLINGUE,DOBLE,FIN DE SEMANA,IZABAL
18-04-3275-46,18-030,IZABAL,MORALES,"INSTITUTO PARTICULAR MIXTO DE EDUCACION BASICA Y DIVERSIFICADA ""DR. PEDRO MOLINA""",BARRIO EL CARRIZAL,79477890-79477891,MARTA JULIA OVANDO SALGUERO,MIRIAM YOLANDA MORALES GALVEZ DE GUZMAN,DIVERSIFICADO,PRIVADO,URBANA,ABIERTA,MONOLINGUE,MATUTINA,DIARIO(REGULAR),IZABAL
18-05-0032-46,18-036,IZABAL,LOS AMATES,INSTITUTO NACIONAL DE EDUCACION DIVERSIFICADA P.C. MARCO TULIO RAMIREZ ESTRADA,LOS AMATES,57600359,LESBIA MARELI SANTOS PANCAN DE SUCHITE,MIRZA BERLI SAGASTUME GARCÍA,DIVERSIFICADO,OFICIAL,RURAL,ABIERTA,MONOLINGUE,VESPERTINA,DIARIO(REGULAR),IZABAL
18-05-0033-46,18-036,IZABAL,LOS AMATES,INSTITUTO NACIONAL DE EDUCACION DIVERSIFICADA,ALDEA MARISCOS,47472455,LESBIA MARELI SANTOS PANCAN DE SUCHITE,HENRY EDILBERTO LEONARDO MARTINEZ,DIVERSIFICADO,OFICIAL,RURAL,ABIERTA,MONOLINGUE,VESPERTINA,DIARIO(REGULAR),IZABAL
18-05-0083-46,18-037,IZABAL,LOS AMATES,CENTRO EDUCATIVO MAYA,"COLONIA SANTA MARTA, BARRIO EL POZON",79479163,LUIS FERNANDO MONROY RODRIGUEZ,HECTOR REYNALDO GOMEZ AGUILAR,DIVERSIFICADO,PRIVADO,URBANA,ABIERTA,MONOLINGUE,DOBLE,FIN DE SEMANA,IZABAL
18-05-0084-46,18-037,IZABAL,LOS AMATES,CENTRO EDUCATIVO MAYA,"COLONIA SANTA MARTA, BARRIO EL POZON",79479163,LUIS FERNANDO MONROY RODRIGUEZ,HECTOR REYNALDO GOMEZ AGUILAR,DIVERSIFICADO,PRIVADO,URBANA,ABIERTA,MONOLINGUE,VESPERTINA,DIARIO(REGULAR),IZABAL
18-05-0085-46,18-037,IZABAL,LOS AMATES,CENTRO EDUCATIVO MAYA,"COLONIA SANTA MARTA, BARRIO EL POZON",79479163,LUIS FERNANDO MONROY RODRIGUEZ,HECTOR REYNALDO GOMEZ AGUILAR,DIVERSIFICADO,PRIVADO,URBANA,ABIERTA,MONOLINGUE,DOBLE,DIARIO(REGULAR),IZABAL
18-05-0086-46,18-037,IZABAL,LOS AMATES,CENTRO EDUCATIVO MAYA,"COLONIA SANTA MARTA, BARRIO EL POZON",79479163,LUIS FERNANDO MONROY RODRIGUEZ,HECTOR REYNALDO GOMEZ AGUILAR,DIVERSIFICADO,PRIVADO,URBANA,ABIERTA,MONOLINGUE,DOBLE,FIN DE SEMANA,IZABAL
18-05-0090-46,18-032,IZABAL,LOS AMATES,INSTITUTO PARTICULAR MIXTO DE EDUCACION BASICA AMILCAR SAGASTUME RAMIREZ,FINCA CHOCTAW,,ERWIN ARDANI BARRERA PALMA,SERGIO OTTONIEL FLORES MANSILLA,DIVERSIFICADO,PRIVADO,RURAL,CERRADA TEMPORALMENTE,MONOLINGUE,DOBLE,FIN DE SEMANA,IZABAL
18-05-0094-46,18-037,IZABAL,LOS AMATES,LICEO PRIVADO MIXTO TINAMITH MANUEL COLOM ARGUETA,ALDEA QUIRIGUA,79342445,LUIS FERNANDO MONROY RODRIGUEZ,GERSON OBED FUENTES PEREZ,DIVERSIFICADO,PRIVADO,RURAL,ABIERTA,MONOLINGUE,MATUTINA,DIARIO(REGULAR),IZABAL
18-05-0103-46,18-037,IZABAL,LOS AMATES,"COLEGIO ""ENRIQUE ESTRADA SANDOVAL""","COLONIA SANTA MARTA, BARRIO EL POZON",79473813,LUIS FERNANDO MONROY RODRIGUEZ,JULIO DAVID CROSS CARDONA,DIVERSIFICADO,PRIVADO,URBANA,ABIERTA,MONOLINGUE,VESPERTINA,DIARIO(REGULAR),IZABAL
18-05-0104-46,18-037,IZABAL,LOS AMATES,COLEGIO EVANGELICO PRIVADO MIXTO HOREB JULIO GONZALEZ,CALLE 15 DE SEPTIEMBRE,79473173,LUIS FERNANDO MONROY RODRIGUEZ,BRENDA ROXANA AYALA MORENTE,DIVERSIFICADO,PRIVADO,URBANA,ABIERTA,MONOLINGUE,VESPERTINA,DIARIO(REGULAR),IZABAL
18-05-0105-46,18-037,IZABAL,LOS AMATES,COLEGIO J. HARVARD,BARRIO EL INSTITUTO,57022244,LUIS FERNANDO MONROY RODRIGUEZ,EDITA SELENA ORTEGA MANCHAME,DIVERSIFICADO,PRIVADO,URBANA,ABIERTA,MONOLINGUE,DOBLE,FIN DE SEMANA,IZABAL
18-05-0106-46,18-037,IZABAL,LOS AMATES,"LICEO PRIVADO MIXTO TINAMITH ""MANUEL COLOM ARGUETA",ALDEA QUIRIGUA,41262945,LUIS FERNANDO MONROY RODRIGUEZ,GERSON OBED FUENTES PEREZ,DIVERSIFICADO,PRIVADO,RURAL,ABIERTA,MONOLINGUE,MATUTINA,DIARIO(REGULAR),IZABAL
18-05-0107-46,18-037,IZABAL,LOS AMATES,COLEGIO EVANGELICO PRIVADO MIXTO HOREB JULIO GONZALEZ,CALLE 15 DE SEPTIEMBRE,79473173,LUIS FERNANDO MONROY RODRIGUEZ,BRENDA ROXANA AYALA MORENTE,DIVERSIFICADO,PRIVADO,URBANA,ABIERTA,MONOLINGUE,DOBLE,DIARIO(REGULAR),IZABAL
18-05-0110-46,18-036,IZABAL,LOS AMATES,INSTITUTO NACIONAL DE EDUCACION DIVERSIFICADA,ALDEA SANTA ROSA LOS PLANES,79480019,LESBIA MARELI SANTOS PANCAN DE SUCHITE,ROSVI ADANEL ORTEGA VALDEZ,DIVERSIFICADO,OFICIAL,RURAL,ABIERTA,MONOLINGUE,VESPERTINA,DIARIO(REGULAR),IZABAL
18-05-0111-46,18-037,IZABAL,LOS AMATES,"COLEGIO PRIVADO ""LIC. DAVID VELA""",KM 200 AL ATLANTICO,79473116,LUIS FERNANDO MONROY RODRIGUEZ,HECTOR ENRIQUE ZUÑIGA ORELLANA,DIVERSIFICADO,PRIVADO,URBANA,ABIERTA,MONOLINGUE,VESPERTINA,DIARIO(REGULAR),IZABAL
18-05-0114-46,18-037,IZABAL,LOS AMATES,CENTRO EDUCATIVO MAYA,BARRIO EL POZON,79479163,LUIS FERNANDO MONROY RODRIGUEZ,HECTOR REYNALDO GOMEZ AGUILAR,DIVERSIFICADO,PRIVADO,URBANA,ABIERTA,MONOLINGUE,VESPERTINA,DIARIO(REGULAR),IZABAL
18-05-0117-46,18-037,IZABAL,LOS AMATES,CENTRO EDUCATIVO MAYA,"COLONIA SANTA MARTA, BARRIO EL POZON",79479163,LUIS FERNANDO MONROY RODRIGUEZ,HECTOR REYNALDO GOMEZ AGUILAR,DIVERSIFICADO,PRIVADO,URBANA,ABIERTA,MONOLINGUE,VESPERTINA,DIARIO(REGULAR),IZABAL
18-05-0118-46,18-037,IZABAL,LOS AMATES,CENTRO EDUCATIVO MAYA,"COLONIA SANTA MARTA, BARRIO EL POZON",79479163,LUIS FERNANDO MONROY RODRIGUEZ,HECTOR REYNALDO GOMEZ AGUILAR,DIVERSIFICADO,PRIVADO,URBANA,ABIERTA,MONOLINGUE,DOBLE,FIN DE SEMANA,IZABAL
18-05-0124-46,18-037,IZABAL,LOS AMATES,"LICEO PRIVADO MIXTO ""HAMA"" LIC. HOLCAR ALEXANDER MORALES ARROYO","BARRIO TOLTEC, ALDEA QUIRIGUA",79342445,LUIS FERNANDO MONROY RODRIGUEZ,OLCAR GUILLERMINO MORALES GOMEZ,DIVERSIFICADO,PRIVADO,RURAL,ABIERTA,MONOLINGUE,DOBLE,FIN DE SEMANA,IZABAL
18-05-0125-46,18-037,IZABAL,LOS AMATES,"LICEO PRIVADO MIXTO ""HAMA"" LIC. HOLCAR ALEXANDER MORALES ARROYO","BARRIO TOLTEC, ALDEA QUIRIGUA",79342445,LUIS FERNANDO MONROY RODRIGUEZ,OLCAR GUILLERMINO MORALES GOMEZ,DIVERSIFICADO,PRIVADO,RURAL,ABIERTA,MONOLINGUE,DOBLE,FIN DE SEMANA,IZABAL
18-05-0126-46,18-037,IZABAL,LOS AMATES,"LICEO PRIVADO MIXTO ""HAMA"" LIC. HOLCAR ALEXANDER MORALES ARROYO","BARRIO TOLTEC, ALDEA QUIRIGUA",79342442,LUIS FERNANDO MONROY RODRIGUEZ,OLCAR GUILLERMINO MORALES GOMEZ,DIVERSIFICADO,PRIVADO,RURAL,ABIERTA,MONOLINGUE,MATUTINA,DIARIO(REGULAR),IZABAL
18-05-0129-46,18-036,IZABAL,LOS AMATES,INSTITUTO NACIONAL DE EDUCACION DIVERSIFICADA PUENTE,ALDEA PUNTA BRAVA,44900790,LESBIA MARELI SANTOS PANCAN DE SUCHITE,COSMEN ENRIQUE SANCHEZ CAC,DIVERSIFICADO,OFICIAL,RURAL,ABIERTA,MONOLINGUE,MATUTINA,DIARIO(REGULAR),IZABAL
18-05-0482-46,18-036,IZABAL,LOS AMATES,ESCUELA NACIONAL DE CIENCIAS COMERCIALES PROFESOR OSCAR JAMES DUQUE,"COLONIA SANTA MARTA, BARRIO EL POZON",79473697,LESBIA MARELI SANTOS PANCAN DE SUCHITE,HECTOR REYNALDO GOMEZ AGUILAR,DIVERSIFICADO,OFICIAL,URBANA,ABIERTA,MONOLINGUE,MATUTINA,DIARIO(REGULAR),IZABAL
18-05-0483-46,18-024,IZABAL,LOS AMATES,ESCUELA PARTICULAR MIXTA LICENCIADO DAVID VELA,LOS AMATES,79479085,KARLA JULISSA GARCIA LEMUS DE MIRANDA,ZONIA NINETH ORELLANA DE ZUÑIGA,DIVERSIFICADO,PRIVADO,URBANA,CERRADA TEMPORALMENTE,MONOLINGUE,VESPERTINA,DIARIO(REGULAR),IZABAL
18-05-0589-46,18-037,IZABAL,LOS AMATES,"ESCUELA PARTICULAR MIXTA ""LICENCIADO DAVID VELA""",KM. 200 RUTA AL ATLANTICO,79473116,LUIS FERNANDO MONROY RODRIGUEZ,HECTOR ENRIQUE ZUÑIGA ORELLANA,DIVERSIFICADO,PRIVADO,URBANA,ABIERTA,MONOLINGUE,DOBLE,FIN DE SEMANA,IZABAL
18-05-1979-46,18-024,IZABAL,LOS AMATES,INSTITUTO PRIVADO MIXTO DE EDUCACION DIVERSIFICADA NUEVOS HORIZONTES,KM 200 AL ATLANTICO,56101058,KARLA JULISSA GARCIA LEMUS DE MIRANDA,CESAR AUGUSTO ZUÑIGA LEON,DIVERSIFICADO,PRIVADO,URBANA,CERRADA TEMPORALMENTE,MONOLINGUE,MATUTINA,DIARIO(REGULAR),IZABAL
18-05-1982-46,18-037,IZABAL,LOS AMATES,COLEGIO J. HARVARD,KILOMETRO 201 LOS AMATES IZABAL,57022244,LUIS FERNANDO MONROY RODRIGUEZ,EDITA SELENA ORTEGA MANCHAME,DIVERSIFICADO,PRIVADO,URBANA,ABIERTA,MONOLINGUE,VESPERTINA,DIARIO(REGULAR),IZABAL
18-05-2837-46,18-024,IZABAL,LOS AMATES,INSTITUTO DE ADIESTRAMIENTO DE PERSONAL DE SALUD 'DR. ALBERTO VIAU DAVILA',ALDEA QUIRIGUA,79480009,KARLA JULISSA GARCIA LEMUS DE MIRANDA,MAVEL LILIANA QUINTANA FLORES DE GARCIA,DIVERSIFICADO,OFICIAL,RURAL,CERRADA TEMPORALMENTE,MONOLINGUE,DOBLE,DIARIO(REGULAR),IZABAL
18-05-3025-46,18-037,IZABAL,LOS AMATES,COLEGIO J. HARVARD,BARRIO LA CASONA,57022244,LUIS FERNANDO MONROY RODRIGUEZ,EDITA SELENA ORTEGA MANCHAME,DIVERSIFICADO,PRIVADO,URBANA,ABIERTA,MONOLINGUE,DOBLE,FIN DE SEMANA,IZABAL
18-05-3059-46,18-037,IZABAL,LOS AMATES,INSTITUTO DE FORMACION BASICA Y PROFESIONAL ENRIQUE ESTRADA SANDOVAL,"COLONIA SANTA MARTA, BARRIO EL POZON",79473813,LUIS FERNANDO MONROY RODRIGUEZ,GLADIS MARIVEL OCHOA RUIZ DE GONZALEZ,DIVERSIFICADO,PRIVADO,URBANA,ABIERTA,MONOLINGUE,VESPERTINA,DIARIO(REGULAR),IZABAL
